q1_building,q2_math_logic,q3_helping_sick,q4_organising_data,q5_leadership_selling,q6_creative_design,q7_debating_law,q8_computers_tech,q9_nature_outdoors,q10_teaching,q11_lab_experiments,q12_writing_reading,series,subject_1,subject_2,subject_3,target_field
3,4,5,2,3,3,2,2,3,5,4,4,Arts,Languages,Literature,Maths,Education
3,3,3,3,1,2,3,2,5,3,5,3,Technical,Economics,Geography,Physics,Agriculture & Environment
2,3,4,2,4,3,2,3,3,4,3,4,Science,History,Languages,Maths,Education
3,3,3,4,3,3,3,2,1,2,3,3,Commercial,Languages,Accounting,Maths,Business & Finance
3,4,2,3,2,4,3,4,1,2,2,2,Science,Physics,Maths,Computer Science,Computing & IT
3,3,4,2,2,4,3,2,2,4,1,4,Arts,History,Literature,Languages,Education
3,1,3,2,3,3,3,3,5,2,3,3,Commercial,Geography,Biology,Physics,Agriculture & Environment
4,4,2,4,2,2,3,2,4,1,5,2,Science,Physics,Chemistry,Geography,Agriculture & Environment
4,4,2,3,2,3,3,5,3,4,3,1,Science,Maths,Computer Science,Technical Drawing,Computing & IT
4,5,2,3,2,2,5,5,1,1,3,3,Science,Computer Science,Technical Drawing,Physics,Computing & IT
3,4,5,2,3,2,2,1,3,5,4,4,Science,Physics,Chemistry,Biology,Health Sciences
4,5,2,2,3,2,1,4,3,2,2,3,Commercial,Maths,Physics,Technical Drawing,Computing & IT
5,4,1,2,2,3,3,5,3,2,4,3,Science,Technical Drawing,Chemistry,Computer Science,Engineering
2,3,4,2,3,3,1,2,2,3,4,3,Science,Maths,Biology,Chemistry,Health Sciences
5,3,3,3,3,3,2,3,4,2,4,3,Commercial,Accounting,Biology,Chemistry,Agriculture & Environment
3,4,4,3,3,2,5,5,4,3,3,3,Science,Physics,Technical Drawing,Maths,Computing & IT
1,5,2,4,3,1,4,3,3,4,4,4,Commercial,Geography,Economics,Maths,Business & Finance
3,5,3,3,2,3,2,5,4,2,2,2,Science,Technical Drawing,Maths,Physics,Computing & IT
3,4,4,3,4,3,3,3,2,5,4,5,Science,Languages,Literature,Maths,Education
2,3,1,5,5,2,1,2,3,3,2,3,Commercial,Accounting,Geography,Maths,Computing & IT
5,5,2,2,3,3,3,4,2,4,3,2,Technical,Chemistry,Computer Science,Biology,Engineering
2,2,5,5,2,3,2,3,3,3,4,4,Science,Biology,Physics,Maths,Health Sciences
1,2,3,3,2,2,3,2,2,4,4,3,Arts,Technical Drawing,Geography,History,Education
3,3,3,3,3,4,3,4,1,3,4,4,Commercial,Languages,History,Computer Science,"Arts, Design & Communication"
4,3,2,3,5,4,4,4,3,2,1,3,Arts,Languages,Literature,Technical Drawing,"Arts, Design & Communication"
4,3,3,3,2,2,2,1,4,4,5,2,Science,Physics,Economics,Chemistry,Computing & IT
2,4,3,4,3,3,2,5,3,2,1,1,Science,Physics,Technical Drawing,Maths,Computing & IT
5,4,2,4,3,4,1,4,2,2,4,2,Science,Physics,Maths,History,Engineering
3,2,5,3,2,4,3,2,4,4,4,3,Science,History,Maths,Biology,Education
2,3,4,4,2,2,2,2,2,4,4,3,Science,Accounting,Biology,Maths,Health Sciences
3,1,3,3,4,2,5,4,2,2,4,5,Science,Physics,Economics,Geography,Law & Political Science
5,4,3,3,4,2,2,3,3,3,4,2,Technical,Chemistry,Computer Science,Maths,Engineering
4,2,2,4,4,2,2,2,2,2,3,4,Commercial,Languages,Accounting,Geography,Business & Finance
2,1,2,3,2,5,3,2,2,2,3,5,Arts,History,Computer Science,Technical Drawing,"Arts, Design & Communication"
3,3,4,2,3,3,3,2,3,5,3,4,Arts,History,Languages,Biology,Education
4,4,1,3,4,2,2,5,2,2,2,1,Commercial,Computer Science,Maths,Technical Drawing,Computing & IT
1,3,3,3,3,2,3,3,2,5,2,5,Commercial,Chemistry,Languages,Maths,Education
3,3,5,2,1,3,2,2,3,2,5,3,Science,Biology,Maths,Languages,Business & Finance
5,4,1,4,4,2,2,5,2,2,3,4,Science,Technical Drawing,Physics,Maths,Computing & IT
2,5,2,4,5,1,3,2,5,4,4,3,Commercial,Economics,Accounting,Maths,Business & Finance
3,4,1,4,2,5,3,3,3,3,3,4,Arts,History,Literature,Languages,"Arts, Design & Communication"
4,5,4,3,1,4,1,5,2,3,3,3,Science,Maths,Computer Science,Physics,"Arts, Design & Communication"
4,4,4,2,2,3,2,2,2,4,5,3,Science,Maths,Chemistry,Biology,Education
2,3,4,2,4,1,5,3,2,3,2,4,Arts,Geography,Languages,History,Law & Political Science
2,2,2,2,4,4,3,3,3,3,3,5,Technical,Languages,Computer Science,Literature,"Arts, Design & Communication"
4,5,3,3,1,5,2,4,2,5,4,2,Technical,Biology,Maths,Physics,Engineering
3,3,4,2,3,2,3,1,3,4,2,4,Science,Biology,Languages,Physics,Education
3,4,5,2,3,4,2,2,2,3,4,1,Science,Maths,Chemistry,Physics,Computing & IT
2,3,5,3,3,3,1,4,3,4,5,1,Science,Biology,Maths,Chemistry,Health Sciences
3,2,4,2,3,3,1,2,2,5,3,4,Commercial,Languages,History,Economics,Computing & IT
3,3,4,1,2,4,3,4,4,4,5,4,Science,Biology,Chemistry,Physics,Agriculture & Environment
2,2,2,3,5,5,3,3,4,4,4,5,Science,History,Literature,Technical Drawing,"Arts, Design & Communication"
5,5,2,4,1,3,2,5,1,4,2,3,Technical,Computer Science,Maths,Physics,Computing & IT
3,3,4,4,5,1,3,4,2,3,3,1,Commercial,Literature,Languages,Maths,Business & Finance
3,2,2,4,3,3,4,2,3,4,3,3,Science,History,Economics,Geography,Law & Political Science
3,4,5,1,4,2,4,3,2,4,5,3,Science,Computer Science,Maths,Chemistry,Health Sciences
5,4,1,2,2,3,2,3,3,3,5,4,Technical,Physics,Computer Science,Technical Drawing,Engineering
5,5,2,2,3,2,3,2,3,2,4,3,Science,Chemistry,Technical Drawing,Physics,Engineering
3,4,2,4,4,3,3,5,4,3,2,3,Science,Computer Science,Technical Drawing,Maths,Computing & IT
5,5,3,2,4,3,2,4,3,3,3,4,Commercial,Computer Science,Maths,Physics,Computing & IT
4,5,4,3,2,4,3,3,2,1,4,3,Science,Physics,Geography,Chemistry,Engineering
2,3,5,3,4,3,3,2,2,3,4,4,Technical,Maths,Chemistry,Physics,Health Sciences
2,2,2,3,3,3,5,4,1,4,3,4,Science,Languages,History,Geography,Law & Political Science
1,2,4,2,4,4,3,4,4,3,3,5,Arts,History,Computer Science,Technical Drawing,"Arts, Design & Communication"
4,4,2,3,2,4,4,4,4,2,5,3,Science,Technical Drawing,Computer Science,Maths,Health Sciences
3,1,2,4,4,4,5,2,3,3,2,4,Arts,Chemistry,Languages,Economics,Law & Political Science
3,3,4,3,3,2,3,2,3,2,5,3,Science,Biology,Chemistry,Maths,Health Sciences
3,2,4,3,2,3,2,1,2,3,4,4,Science,Maths,Chemistry,Languages,Agriculture & Environment
1,2,2,2,4,2,5,3,4,3,3,4,Arts,Literature,Geography,Economics,Law & Political Science
2,5,2,4,5,3,2,5,3,3,3,4,Commercial,Maths,Economics,Accounting,Business & Finance
4,5,2,3,3,4,2,5,3,3,3,3,Science,Maths,Technical Drawing,Languages,Business & Finance
4,3,3,4,2,4,3,4,2,2,5,3,Technical,Technical Drawing,Computer Science,Physics,Computing & IT
2,3,4,1,3,2,2,2,4,5,3,3,Science,Physics,Biology,Computer Science,Health Sciences
3,4,2,5,3,3,3,1,2,2,4,3,Commercial,Geography,Languages,Technical Drawing,Business & Finance
3,3,2,2,2,5,2,3,2,3,2,5,Arts,Computer Science,Literature,Technical Drawing,"Arts, Design & Communication"
3,3,5,3,2,1,2,1,2,3,5,4,Science,Physics,Biology,Languages,Health Sciences
4,4,3,3,4,5,2,4,2,3,4,2,Science,Computer Science,Maths,Technical Drawing,Computing & IT
2,2,3,2,2,3,2,3,1,5,3,4,Science,Maths,Geography,Literature,Education
4,3,4,3,3,3,3,1,5,1,4,2,Science,Economics,Chemistry,Geography,Agriculture & Environment
1,2,4,2,4,3,3,2,3,4,2,5,Arts,History,Literature,Biology,Law & Political Science
4,5,2,1,3,4,2,4,2,2,4,3,Technical,Maths,Chemistry,Physics,Engineering
3,2,3,3,3,4,4,2,3,4,4,3,Science,Chemistry,Biology,Maths,Health Sciences
4,2,5,2,3,2,3,2,3,3,5,2,Commercial,Physics,Biology,Economics,Health Sciences
3,1,2,2,4,5,4,4,4,1,4,5,Science,Languages,Geography,Computer Science,"Arts, Design & Communication"
2,4,3,2,2,2,2,4,2,5,1,4,Commercial,Literature,History,Technical Drawing,Education
3,3,5,3,3,2,3,3,3,2,3,4,Arts,Geography,Technical Drawing,Literature,Education
4,3,5,3,3,2,3,2,2,4,3,4,Science,Biology,Maths,Physics,Health Sciences
3,3,5,2,4,2,1,1,3,4,5,2,Science,Biology,Computer Science,Chemistry,Health Sciences
2,4,5,2,3,3,2,2,3,3,4,3,Science,Biology,Chemistry,Maths,Health Sciences
2,2,2,3,4,3,5,3,3,5,3,5,Arts,Computer Science,Economics,History,Law & Political Science
3,4,3,4,5,3,3,2,3,2,3,3,Commercial,Languages,Economics,Maths,Health Sciences
4,5,2,4,1,3,3,5,3,2,3,3,Science,Maths,Technical Drawing,Computer Science,Computing & IT
2,3,3,2,4,2,4,2,3,4,2,5,Arts,Biology,Literature,Languages,Law & Political Science
3,3,3,4,4,3,3,4,1,2,3,5,Arts,Computer Science,Literature,Technical Drawing,"Arts, Design & Communication"
3,4,3,2,4,5,2,2,3,2,2,3,Arts,Languages,History,Literature,"Arts, Design & Communication"
2,5,4,3,4,2,1,1,3,4,3,3,Commercial,Accounting,Economics,Languages,Business & Finance
4,4,3,2,2,5,3,5,2,3,4,2,Science,Technical Drawing,Chemistry,Maths,Engineering
3,4,3,3,3,2,3,2,1,4,1,3,Arts,Economics,Geography,Accounting,Health Sciences
4,4,5,2,3,2,3,2,3,4,5,5,Science,Physics,Biology,Chemistry,Health Sciences
2,3,4,2,4,2,3,2,2,5,2,3,Science,History,Languages,Biology,Education
4,1,1,2,5,5,5,3,2,3,2,4,Arts,Computer Science,Technical Drawing,History,"Arts, Design & Communication"
3,5,3,2,2,4,2,5,3,3,2,2,Science,Geography,Technical Drawing,Maths,Law & Political Science
4,5,4,2,3,4,1,5,2,2,3,2,Science,Physics,Computer Science,Technical Drawing,Computing & IT
2,3,5,3,3,2,2,2,3,2,5,2,Science,Chemistry,Biology,Maths,Health Sciences
4,5,2,2,3,1,1,4,3,2,3,2,Technical,Physics,Languages,Computer Science,Engineering
3,3,3,4,4,5,4,4,3,2,2,4,Commercial,Literature,Computer Science,History,Health Sciences
3,3,4,4,4,2,2,2,2,5,3,4,Science,Maths,Chemistry,Physics,Health Sciences
2,4,3,2,3,2,5,4,3,3,2,5,Arts,History,Languages,Literature,Law & Political Science
5,5,4,3,1,3,3,2,4,3,4,4,Technical,Physics,Computer Science,Chemistry,Engineering
2,4,5,1,2,1,2,3,2,5,5,4,Science,Physics,Computer Science,Maths,Health Sciences
2,3,3,5,5,2,3,3,2,1,4,3,Commercial,Chemistry,Economics,Geography,Business & Finance
4,2,2,4,5,4,4,4,5,2,4,4,Arts,Languages,Geography,Computer Science,"Arts, Design & Communication"
3,5,2,2,2,2,4,5,2,4,2,2,Technical,Computer Science,Physics,Literature,Computing & IT
2,1,3,3,5,3,5,1,4,5,2,4,Arts,Literature,History,Economics,Engineering
3,1,2,4,3,5,3,4,3,2,3,4,Arts,Literature,History,Computer Science,"Arts, Design & Communication"
4,2,5,3,3,3,2,2,2,3,4,3,Technical,Biology,Maths,Chemistry,Health Sciences
4,1,4,4,3,4,4,2,2,1,3,5,Commercial,Computer Science,Literature,Languages,"Arts, Design & Communication"
4,3,2,2,3,3,2,5,2,2,4,4,Science,Maths,Physics,Computer Science,Computing & IT
2,5,1,5,2,3,2,4,4,1,4,3,Science,Maths,Languages,Technical Drawing,Computing & IT
5,5,2,2,2,4,2,4,2,3,5,2,Arts,Chemistry,Maths,Technical Drawing,Engineering
5,4,3,3,3,3,3,4,3,1,4,4,Science,Computer Science,Maths,Technical Drawing,Engineering
3,4,3,4,5,1,4,3,3,3,2,3,Commercial,Economics,Literature,Accounting,Business & Finance
1,2,3,2,5,4,4,2,3,2,1,4,Arts,Economics,History,Languages,Law & Political Science
3,5,2,5,4,2,5,3,3,1,2,5,Commercial,Economics,Accounting,Geography,Business & Finance
4,4,2,3,4,4,3,4,3,3,2,3,Science,Physics,Literature,Technical Drawing,Computing & IT
5,5,2,1,3,4,5,3,2,3,4,4,Science,Geography,Physics,Maths,Engineering
2,3,4,3,4,3,3,1,2,5,5,2,Technical,Biology,Maths,Chemistry,Health Sciences
4,2,3,4,1,4,3,4,3,4,3,3,Science,Technical Drawing,Maths,Computer Science,Computing & IT
4,2,3,4,3,2,3,2,5,3,5,2,Science,Economics,Biology,Geography,Law & Political Science
5,4,2,2,3,2,2,4,4,3,3,4,Science,Computer Science,Maths,Physics,Engineering
4,4,3,5,3,3,3,4,2,3,2,1,Science,Physics,Maths,Technical Drawing,Computing & IT
2,2,3,4,5,4,4,2,3,3,3,4,Commercial,Accounting,Maths,Economics,Business & Finance
2,3,3,3,2,3,3,2,4,3,2,1,Science,Chemistry,Economics,Physics,Agriculture & Environment
4,3,5,3,3,1,2,2,2,3,2,4,Technical,History,Literature,Maths,Education
5,2,3,3,3,2,2,3,4,3,5,3,Science,Economics,Physics,Biology,Agriculture & Environment
4,3,3,4,3,2,2,3,5,3,4,3,Arts,Economics,Physics,Geography,Agriculture & Environment
3,3,2,3,4,3,5,3,3,5,4,4,Commercial,History,Economics,Geography,Law & Political Science
3,4,2,4,2,1,1,4,3,3,4,3,Technical,Technical Drawing,Computer Science,Physics,Engineering
3,3,5,3,2,2,2,2,3,5,3,3,Commercial,Maths,Literature,Geography,Education
5,5,3,2,1,2,3,1,3,3,5,3,Technical,Physics,Literature,Computer Science,Engineering
2,4,4,3,4,4,3,5,2,3,2,4,Science,Literature,Languages,History,"Arts, Design & Communication"
3,1,2,2,4,5,2,4,2,1,4,4,Commercial,Languages,Geography,Technical Drawing,"Arts, Design & Communication"
3,2,2,3,3,4,5,4,3,3,4,4,Arts,Literature,Maths,Languages,Law & Political Science
3,3,3,2,3,3,2,3,5,2,5,3,Science,Technical Drawing,Biology,Economics,Agriculture & Environment
2,2,3,3,5,4,2,3,3,2,2,4,Commercial,Economics,Languages,Accounting,Business & Finance
4,2,3,4,3,3,4,1,5,1,4,2,Science,Physics,Economics,Geography,Agriculture & Environment
5,5,3,3,4,4,4,3,1,2,4,4,Technical,Computer Science,Physics,Technical Drawing,Engineering
3,4,4,3,4,3,2,2,5,3,5,2,Science,Accounting,Physics,Chemistry,Computing & IT
1,2,4,3,2,3,3,3,2,4,3,3,Science,Languages,Biology,Geography,Education
5,3,3,4,1,2,2,2,5,2,5,2,Technical,Chemistry,Physics,Geography,Agriculture & Environment
2,4,3,3,3,5,4,2,3,3,3,4,Arts,Computer Science,Literature,Technical Drawing,Business & Finance
3,3,3,3,4,4,3,2,2,5,2,5,Arts,Maths,Literature,Languages,Education
3,2,3,4,3,4,5,3,3,4,2,5,Arts,History,Languages,Literature,Law & Political Science
3,5,1,1,3,4,4,4,4,1,5,1,Technical,Maths,Chemistry,Technical Drawing,Engineering
2,2,5,2,4,3,3,2,3,3,5,3,Science,Chemistry,Biology,Physics,Health Sciences
4,5,3,2,2,4,1,5,2,2,3,3,Technical,Technical Drawing,Maths,Physics,Computing & IT
3,5,1,4,3,2,2,4,2,1,3,3,Science,Computer Science,Technical Drawing,Maths,Computing & IT
3,3,3,3,3,2,1,3,5,2,3,2,Technical,Biology,Geography,Physics,Agriculture & Environment
5,2,1,2,1,3,3,4,2,3,3,1,Science,Technical Drawing,Maths,Computer Science,Computing & IT
2,3,2,1,4,3,5,3,4,3,4,4,Commercial,History,Economics,Languages,Law & Political Science
3,3,1,2,2,4,2,4,4,2,3,4,Science,Maths,Economics,Technical Drawing,Engineering
3,3,3,2,3,5,4,5,3,3,3,3,Arts,Technical Drawing,Languages,History,Computing & IT
5,3,3,3,3,2,2,4,3,3,1,3,Science,Economics,Physics,Maths,Business & Finance
5,5,2,1,1,3,3,4,2,3,3,3,Science,Computer Science,Maths,Literature,Engineering
4,1,4,4,3,1,3,3,4,3,4,3,Science,Chemistry,Geography,Economics,Agriculture & Environment
1,4,4,3,2,3,3,3,4,3,3,4,Science,Technical Drawing,Chemistry,Physics,Health Sciences
3,4,4,2,2,1,4,4,3,3,4,4,Science,Chemistry,Maths,Biology,Health Sciences
4,3,2,3,4,3,4,4,4,2,3,2,Arts,Physics,Computer Science,Chemistry,Law & Political Science
2,3,3,4,4,3,5,2,1,3,2,5,Science,History,Computer Science,Literature,Law & Political Science
4,4,1,4,3,3,3,5,1,2,3,1,Science,Languages,Computer Science,Physics,Computing & IT
2,5,3,4,3,1,3,4,2,5,1,3,Commercial,Literature,Biology,History,Education
3,4,3,4,4,1,1,4,3,1,1,3,Science,Physics,Computer Science,Technical Drawing,Computing & IT
2,2,1,5,4,2,3,3,2,2,4,4,Commercial,Accounting,Geography,Maths,Business & Finance
3,4,1,4,2,3,2,4,2,2,2,2,Technical,Physics,Computer Science,Maths,Health Sciences
4,4,4,2,2,4,4,5,2,4,1,1,Science,Computer Science,Physics,Maths,Computing & IT
2,3,3,3,4,4,4,2,4,4,3,2,Commercial,Economics,Geography,Languages,Business & Finance
5,4,4,1,2,4,3,5,4,2,4,2,Science,Computer Science,Technical Drawing,Maths,Engineering
5,3,4,4,2,1,1,4,3,2,3,3,Commercial,Geography,Languages,Economics,Business & Finance
3,2,2,3,5,3,5,2,2,3,2,4,Arts,Economics,Literature,Geography,Law & Political Science
3,4,4,4,2,2,2,4,3,2,3,4,Science,Technical Drawing,Computer Science,Physics,Computing & IT
4,5,3,4,3,3,2,4,3,3,3,4,Technical,Geography,Physics,Technical Drawing,Engineering
2,3,5,1,4,2,3,1,5,4,4,4,Arts,Biology,Literature,Geography,Education
4,3,1,5,5,3,2,3,2,2,3,3,Commercial,Economics,Maths,Geography,Business & Finance
3,2,2,3,4,5,2,3,3,3,2,3,Arts,Technical Drawing,Literature,Computer Science,"Arts, Design & Communication"
3,2,5,2,2,4,2,2,3,5,4,3,Science,Biology,Physics,Maths,Health Sciences
4,3,3,3,1,3,2,5,2,2,3,1,Science,Computer Science,Chemistry,Technical Drawing,Computing & IT
3,5,5,1,1,4,2,2,2,5,5,4,Science,Chemistry,Biology,Physics,Health Sciences
2,4,3,2,3,5,3,5,3,3,4,5,Arts,Literature,Computer Science,Technical Drawing,"Arts, Design & Communication"
2,2,3,3,4,2,4,1,3,4,2,4,Arts,Economics,Languages,History,Agriculture & Environment
1,3,2,3,4,1,5,2,4,4,1,5,Arts,Literature,Biology,Languages,Law & Political Science
4,2,2,4,5,4,2,3,1,4,1,4,Commercial,Geography,Economics,Maths,Business & Finance
4,3,1,3,3,4,3,3,4,3,2,5,Arts,Languages,Computer Science,Literature,"Arts, Design & Communication"
4,5,3,3,2,3,1,3,3,3,4,3,Technical,Physics,Chemistry,Accounting,Engineering
5,4,3,3,1,3,3,2,1,1,4,2,Science,Literature,Physics,Chemistry,Engineering
3,2,2,2,2,2,5,2,3,3,3,4,Arts,Languages,Literature,Biology,Law & Political Science
3,3,4,4,4,3,2,2,5,4,3,2,Science,Geography,History,Chemistry,Agriculture & Environment
5,1,4,3,2,2,4,4,3,2,5,2,Technical,Geography,Chemistry,Economics,Agriculture & Environment
2,3,4,5,4,3,3,3,1,2,2,3,Science,Geography,Languages,Accounting,Business & Finance
2,3,3,1,4,2,1,3,4,5,2,2,Science,Geography,History,Languages,Education
4,5,2,2,3,3,3,4,2,4,3,3,Science,Maths,Chemistry,Physics,Engineering
4,4,1,3,4,3,2,4,4,4,4,2,Science,Technical Drawing,Physics,Accounting,Education
3,2,4,1,3,3,3,2,3,5,2,3,Science,Biology,Literature,Technical Drawing,Computing & IT
3,2,5,4,1,3,2,2,2,4,4,4,Arts,Biology,History,Chemistry,Health Sciences
1,3,3,4,3,2,2,2,5,2,4,3,Science,Chemistry,Geography,Physics,Agriculture & Environment
5,5,3,3,2,3,3,4,2,3,4,2,Science,Maths,Chemistry,Physics,Engineering
3,5,1,4,1,3,2,5,2,1,3,2,Science,Technical Drawing,Computer Science,Maths,Computing & IT
3,3,3,3,4,5,4,2,3,4,3,5,Arts,Geography,Languages,Accounting,Law & Political Science
3,3,4,3,3,2,2,3,4,3,5,4,Science,Chemistry,Biology,Maths,Health Sciences
4,4,3,2,2,3,2,4,2,2,4,3,Science,Chemistry,Technical Drawing,Maths,Health Sciences
2,2,3,2,4,1,5,4,3,4,3,5,Arts,History,Literature,Economics,Law & Political Science
3,4,3,4,2,2,2,5,2,2,3,2,Science,Computer Science,Physics,Technical Drawing,Engineering
2,4,2,5,4,5,4,4,4,2,3,4,Arts,History,Languages,Literature,"Arts, Design & Communication"
5,5,3,3,3,4,3,5,3,2,4,3,Science,Physics,Accounting,Maths,Computing & IT
1,2,2,2,5,2,3,3,2,3,2,5,Technical,Geography,Economics,Literature,Law & Political Science
2,5,4,5,5,3,2,2,2,1,3,3,Commercial,Languages,Chemistry,Accounting,Business & Finance
2,2,2,4,4,3,3,1,2,2,2,3,Technical,Maths,Accounting,Geography,Business & Finance
5,5,2,3,1,3,3,5,1,2,2,3,Arts,Maths,Computer Science,Physics,Computing & IT
3,5,2,2,2,3,3,4,1,3,3,2,Science,Maths,Biology,Computer Science,Engineering
3,5,4,3,4,4,3,3,2,1,5,4,Science,Computer Science,Chemistry,Physics,Engineering
3,4,4,4,2,4,4,4,2,2,3,3,Science,Computer Science,Technical Drawing,Physics,Health Sciences
3,3,3,3,4,5,3,3,3,2,2,3,Arts,Maths,Languages,Computer Science,"Arts, Design & Communication"
2,1,1,4,2,3,2,2,5,4,5,3,Arts,Physics,Biology,Geography,Agriculture & Environment
3,4,3,4,3,2,3,2,4,3,3,5,Arts,Literature,Maths,Economics,"Arts, Design & Communication"
3,3,3,1,3,5,3,3,2,2,1,5,Arts,History,Computer Science,Technical Drawing,"Arts, Design & Communication"
3,2,3,2,5,5,4,4,3,1,3,4,Arts,Technical Drawing,Literature,Computer Science,Agriculture & Environment
2,1,4,3,4,3,5,3,4,4,3,5,Arts,History,Economics,Literature,Law & Political Science
4,3,2,3,3,3,1,1,5,4,3,2,Science,Biology,Economics,Chemistry,Agriculture & Environment
3,3,3,3,3,3,3,2,2,4,5,5,Science,Maths,Physics,Technical Drawing,Health Sciences
3,5,3,4,3,4,2,5,3,3,4,3,Technical,Maths,Technical Drawing,Computer Science,Computing & IT
2,1,2,3,4,5,4,3,4,3,3,5,Arts,Technical Drawing,Languages,History,"Arts, Design & Communication"
3,3,5,2,4,3,2,3,3,5,3,3,Arts,Geography,Maths,Biology,Education
2,4,3,5,5,3,3,2,2,3,5,3,Commercial,Maths,Geography,Economics,Business & Finance
4,3,2,3,4,2,5,3,3,3,2,5,Arts,Economics,Languages,Geography,Law & Political Science
3,3,5,2,1,3,2,2,2,3,5,3,Science,Maths,Chemistry,Physics,Health Sciences
5,4,2,2,3,2,3,5,2,3,4,2,Technical,Physics,Maths,Computer Science,Agriculture & Environment
1,2,2,4,3,5,2,5,4,2,2,5,Arts,History,Languages,Literature,"Arts, Design & Communication"
4,4,3,5,2,3,4,5,2,3,2,2,Science,Physics,Maths,Computer Science,Education
1,2,3,3,4,3,1,2,3,4,2,3,Arts,History,Maths,Geography,Education
3,3,3,3,3,3,2,2,5,2,3,3,Science,Physics,Economics,Chemistry,Agriculture & Environment
2,2,1,3,4,3,5,1,3,4,2,5,Science,Literature,Languages,Geography,Law & Political Science
5,4,3,3,2,3,2,4,2,2,5,3,Technical,Technical Drawing,Physics,Computer Science,Engineering
3,2,4,2,2,3,3,2,4,5,3,2,Science,Physics,Biology,Maths,Health Sciences
2,2,5,1,3,3,3,3,2,3,5,4,Science,Biology,History,Maths,Health Sciences
3,3,3,2,3,2,3,4,4,3,4,2,Science,Chemistry,Physics,History,Agriculture & Environment
5,5,3,3,3,4,1,4,2,3,5,3,Science,Physics,Literature,Computer Science,Engineering
4,5,1,3,3,2,1,4,4,2,3,3,Science,Physics,Technical Drawing,Chemistry,Engineering
2,3,4,2,2,3,3,2,3,4,2,4,Science,Literature,History,Geography,Education
2,5,5,4,3,2,2,1,3,3,5,5,Science,Maths,Computer Science,Biology,Health Sciences
1,3,3,5,5,3,4,3,2,3,2,3,Commercial,Maths,Economics,Accounting,Business & Finance
3,2,3,3,2,3,3,2,5,1,3,3,Commercial,Physics,Economics,Biology,Agriculture & Environment
4,5,3,4,2,5,2,4,1,3,3,3,Science,Technical Drawing,Computer Science,Physics,Computing & IT
4,5,2,4,3,2,1,3,2,3,4,3,Science,Technical Drawing,History,Maths,Computing & IT
3,4,4,5,4,2,4,3,3,2,4,2,Commercial,Economics,Geography,Accounting,Business & Finance
3,2,3,2,1,3,3,3,4,3,3,3,Technical,Biology,Geography,Chemistry,Agriculture & Environment
3,3,2,4,3,2,3,5,2,3,3,2,Technical,Physics,Maths,Computer Science,Education
3,5,4,5,1,3,4,3,3,2,3,2,Science,Technical Drawing,Maths,Computer Science,Computing & IT
3,2,4,3,4,2,3,2,2,5,3,3,Arts,Maths,Literature,Geography,Education
3,2,3,4,1,2,4,3,5,2,4,3,Science,Biology,Geography,Computer Science,Agriculture & Environment
3,4,2,4,2,2,2,5,3,3,1,2,Science,Maths,Computer Science,Chemistry,Computing & IT
4,4,3,4,4,2,2,4,3,2,3,2,Commercial,Maths,Physics,Technical Drawing,Computing & IT
5,4,1,4,2,2,3,4,1,3,5,2,Science,Computer Science,Technical Drawing,Maths,Engineering
2,3,5,3,4,3,3,2,3,5,3,5,Arts,Maths,Geography,Literature,Education
3,3,4,1,3,3,4,2,3,5,3,5,Commercial,Maths,Literature,Languages,Education
1,3,2,3,4,4,4,2,4,4,3,4,Technical,Literature,History,Economics,Law & Political Science
3,2,2,3,5,2,2,3,3,4,3,4,Commercial,Geography,History,Literature,Law & Political Science
5,5,1,2,3,4,1,4,2,1,3,3,Science,Chemistry,Maths,Physics,Engineering
3,4,2,4,3,3,3,5,3,2,4,3,Science,Maths,Biology,Technical Drawing,Engineering
3,5,5,4,3,2,3,3,3,3,5,3,Science,Maths,Biology,Chemistry,Health Sciences
2,2,3,3,4,3,5,2,4,2,3,5,Arts,Chemistry,Literature,History,Law & Political Science
4,3,2,4,5,4,2,2,2,3,3,5,Technical,History,Languages,Technical Drawing,"Arts, Design & Communication"
4,3,5,3,2,2,2,2,3,3,5,3,Science,Physics,Maths,Chemistry,Health Sciences
5,4,1,2,3,3,2,2,2,3,5,4,Science,Technical Drawing,Maths,Chemistry,Engineering
3,3,5,4,2,2,2,4,2,4,2,4,Science,Chemistry,Physics,Maths,Health Sciences
3,2,2,3,3,3,2,3,3,5,3,4,Arts,History,Economics,Literature,Education
5,3,3,3,3,1,4,3,3,3,3,3,Science,Physics,Computer Science,Maths,Engineering
2,1,4,3,4,5,4,3,3,2,4,3,Arts,Maths,Languages,Computer Science,"Arts, Design & Communication"
3,2,2,3,4,4,3,4,2,3,2,2,Arts,Computer Science,Technical Drawing,Languages,"Arts, Design & Communication"
4,5,5,4,3,3,2,2,5,2,4,2,Science,Biology,Geography,Economics,Agriculture & Environment
3,4,2,3,2,3,3,5,2,3,3,3,Technical,Maths,Computer Science,Technical Drawing,Business & Finance
2,3,4,4,4,4,3,1,4,3,1,3,Commercial,Economics,Chemistry,Maths,Business & Finance
2,3,5,2,4,3,3,3,2,3,5,3,Science,Biology,Maths,Physics,Health Sciences
4,2,3,3,3,3,2,2,5,4,4,2,Science,Geography,Economics,Physics,Agriculture & Environment
3,2,2,3,4,2,4,1,2,4,3,4,Arts,History,Literature,Geography,Law & Political Science
5,4,4,1,2,3,2,5,2,2,5,3,Science,Technical Drawing,Languages,Chemistry,Business & Finance
2,4,5,3,2,4,1,3,2,3,5,1,Technical,Chemistry,Biology,Physics,Health Sciences
2,2,2,3,5,3,4,3,3,4,2,3,Arts,Accounting,Geography,Economics,Business & Finance
2,2,5,2,2,4,4,2,3,3,5,4,Science,Maths,Chemistry,Literature,Health Sciences
3,2,5,4,2,3,3,3,2,3,4,2,Science,History,Maths,Biology,Health Sciences
4,5,2,3,2,4,1,5,3,4,2,3,Science,Technical Drawing,Maths,Computer Science,Computing & IT
4,4,4,2,2,4,4,3,4,2,3,3,Commercial,Computer Science,History,Technical Drawing,Engineering
2,2,4,1,2,2,2,3,1,3,4,3,Technical,Chemistry,Maths,Accounting,Health Sciences
3,2,2,1,4,4,3,5,3,3,3,5,Arts,History,Chemistry,Computer Science,"Arts, Design & Communication"
1,4,3,5,4,3,2,2,2,3,2,3,Technical,Maths,Chemistry,Languages,Business & Finance
5,5,5,4,1,3,5,3,4,2,4,3,Technical,Chemistry,Maths,Physics,Health Sciences
3,3,2,3,2,3,3,2,5,3,4,3,Science,Biology,Economics,Chemistry,Agriculture & Environment
1,3,5,3,2,2,3,3,4,3,3,3,Science,Chemistry,Maths,Physics,Health Sciences
3,5,1,5,4,2,4,3,3,4,2,4,Commercial,Economics,Languages,Literature,Business & Finance
5,1,1,3,3,2,3,3,5,3,4,2,Science,Maths,Physics,Biology,Agriculture & Environment
2,4,5,1,3,3,2,4,3,4,3,3,Science,Maths,Physics,Biology,Health Sciences
5,1,3,2,2,3,2,4,3,2,4,2,Science,Chemistry,Maths,Physics,Engineering
3,3,3,2,3,3,5,2,3,4,3,5,Arts,Economics,Literature,Geography,Law & Political Science
3,3,4,3,2,4,2,2,2,3,4,2,Science,Geography,Maths,Biology,Law & Political Science
2,2,2,1,4,5,4,4,4,4,3,5,Arts,History,Languages,Computer Science,"Arts, Design & Communication"
3,4,4,1,4,3,2,4,3,2,4,3,Technical,Computer Science,Chemistry,History,Engineering
1,2,2,3,4,2,3,2,2,2,2,4,Commercial,Economics,Literature,Geography,Engineering
3,3,3,3,3,4,3,3,2,3,2,4,Science,Biology,Geography,Languages,Education
2,4,3,2,5,4,1,4,3,2,2,3,Commercial,Technical Drawing,Literature,History,"Arts, Design & Communication"
2,4,5,2,4,1,1,3,2,5,3,5,Science,Literature,Biology,Maths,Education
2,3,2,4,4,2,3,3,2,3,4,3,Science,Languages,Economics,Geography,Law & Political Science
4,2,2,2,2,3,4,5,2,3,2,1,Commercial,Physics,Maths,Computer Science,Computing & IT
5,4,3,2,1,1,4,4,3,2,4,2,Science,History,Maths,Technical Drawing,Engineering
2,2,3,3,3,2,3,5,3,2,3,2,Commercial,Physics,Technical Drawing,Maths,Business & Finance
2,3,5,2,4,3,2,3,4,5,2,4,Arts,History,Geography,Biology,Education
4,4,4,2,3,2,2,2,1,5,2,3,Science,Geography,Languages,Maths,Education
4,3,4,3,4,3,5,2,3,3,2,2,Arts,Geography,Literature,History,Law & Political Science
3,4,2,4,3,2,4,3,4,2,3,4,Commercial,Accounting,Geography,Economics,Business & Finance
3,3,5,2,3,3,4,3,3,5,2,3,Arts,Languages,Biology,Literature,Education
2,2,1,3,3,2,4,2,2,4,2,5,Arts,Economics,Languages,Literature,Law & Political Science
2,3,3,5,5,1,3,3,3,1,3,2,Science,Geography,Maths,Languages,Business & Finance
3,1,3,4,5,5,3,4,2,3,2,5,Commercial,Computer Science,Chemistry,Languages,Business & Finance
1,2,5,3,5,3,3,4,2,3,3,4,Commercial,Literature,Languages,Economics,Education
2,3,2,3,4,5,3,2,2,3,4,5,Arts,Literature,History,Technical Drawing,"Arts, Design & Communication"
3,3,2,2,3,2,4,5,2,3,2,5,Arts,Technical Drawing,Geography,Economics,Law & Political Science
1,2,2,1,4,3,4,3,2,3,3,4,Technical,Languages,History,Literature,"Arts, Design & Communication"
3,3,3,4,2,2,1,4,5,2,4,3,Science,Physics,Geography,Chemistry,Agriculture & Environment
3,2,1,2,2,5,3,4,4,2,3,4,Arts,Literature,History,Languages,"Arts, Design & Communication"
2,2,3,3,5,2,4,3,3,4,3,4,Arts,Literature,History,Languages,Law & Political Science
3,2,2,2,4,2,5,1,2,3,2,5,Commercial,Economics,Physics,History,Law & Political Science
2,3,3,2,2,2,3,2,5,3,3,1,Science,Economics,Literature,Chemistry,Agriculture & Environment
5,3,3,4,3,4,3,4,3,1,4,3,Technical,Computer Science,Physics,Maths,Health Sciences
5,5,2,1,3,4,2,3,3,4,4,2,Technical,Geography,Physics,Chemistry,Engineering
2,2,3,2,3,3,1,4,4,2,5,3,Science,Biology,Literature,Physics,Agriculture & Environment
2,3,4,1,4,3,2,2,1,5,3,5,Arts,Literature,Maths,History,Computing & IT
3,4,4,3,4,1,3,2,2,4,3,4,Arts,History,Languages,Biology,Education
4,3,1,4,3,3,3,5,3,2,2,2,Science,Maths,Computer Science,Technical Drawing,Computing & IT
4,2,4,1,4,4,3,1,5,4,5,1,Science,Geography,Physics,Biology,Agriculture & Environment
4,5,1,2,4,4,2,5,1,3,3,3,Science,Physics,Technical Drawing,Computer Science,Computing & IT
2,3,4,2,3,4,3,3,3,4,2,5,Arts,Accounting,Literature,Languages,Education
5,5,2,5,3,3,1,5,1,1,3,5,Science,Technical Drawing,Physics,Computer Science,Computing & IT
5,3,2,3,3,1,2,2,5,3,5,2,Science,Chemistry,Physics,Maths,Agriculture & Environment
2,3,3,1,5,4,2,1,3,1,2,5,Science,Literature,History,Computer Science,"Arts, Design & Communication"
3,4,2,5,5,2,4,4,3,2,4,3,Arts,Maths,Economics,Languages,Business & Finance
2,1,3,3,4,2,5,3,2,2,3,5,Arts,Geography,Literature,Economics,Law & Political Science
2,2,3,5,5,4,3,2,2,3,3,3,Commercial,Geography,Maths,Accounting,Business & Finance
5,4,3,2,2,4,2,3,1,2,3,2,Technical,Physics,Biology,Chemistry,Engineering
5,4,2,4,3,5,3,4,3,1,4,1,Technical,Chemistry,Computer Science,History,Engineering
2,4,2,4,4,3,3,2,3,2,2,4,Commercial,Accounting,Economics,Maths,Business & Finance
5,4,2,1,1,2,3,4,2,2,4,3,Science,Chemistry,Maths,Technical Drawing,Engineering
4,3,4,5,5,3,4,1,3,2,3,3,Arts,Languages,Geography,Economics,Law & Political Science
3,4,1,5,2,4,3,5,2,3,3,3,Science,Maths,Economics,Physics,Health Sciences
5,5,2,3,3,5,1,3,3,2,5,2,Science,Chemistry,Maths,Technical Drawing,Engineering
2,4,4,1,3,3,3,2,2,4,5,3,Science,Biology,Physics,Chemistry,Health Sciences
3,4,2,2,4,3,2,1,2,4,3,4,Arts,Biology,History,Maths,Education
4,2,3,1,3,3,2,2,3,4,4,4,Commercial,Accounting,History,Biology,Education
2,4,4,2,1,4,2,3,2,5,5,2,Science,Chemistry,Maths,Biology,Health Sciences
3,3,1,5,5,2,3,3,3,3,3,4,Commercial,Physics,Geography,Economics,Business & Finance
2,4,5,2,3,2,2,4,2,5,3,4,Arts,Maths,Languages,Biology,Education
4,2,2,4,2,3,2,1,5,1,4,2,Science,Biology,Physics,Economics,Agriculture & Environment
5,4,2,3,3,4,3,5,2,3,5,2,Science,Accounting,Technical Drawing,Maths,Engineering
2,4,5,3,3,4,4,1,4,5,4,5,Arts,Technical Drawing,Languages,Biology,Education
3,3,4,2,4,3,3,3,2,4,2,4,Commercial,Maths,Computer Science,Languages,Education
2,2,4,3,3,5,4,2,2,3,4,5,Arts,Computer Science,Literature,Languages,"Arts, Design & Communication"
4,4,3,4,3,4,3,5,3,4,2,3,Technical,Accounting,Technical Drawing,Maths,Computing & IT
1,3,3,2,5,5,1,3,3,3,2,4,Arts,Computer Science,Languages,Technical Drawing,"Arts, Design & Communication"
3,4,5,3,5,4,3,4,2,1,4,4,Technical,Technical Drawing,Chemistry,Physics,Engineering
5,4,2,2,2,3,2,2,2,3,4,3,Technical,Computer Science,Economics,Maths,Education
5,5,2,3,3,5,3,5,3,3,3,3,Science,Physics,Technical Drawing,Computer Science,Computing & IT
5,5,3,3,2,3,1,4,4,2,3,2,Technical,Chemistry,Technical Drawing,Maths,Engineering
3,3,4,2,2,3,2,2,3,3,4,3,Science,Computer Science,Chemistry,Maths,Health Sciences
2,4,3,2,3,2,1,1,2,5,3,4,Arts,History,Literature,Geography,Education
3,2,4,5,4,2,3,4,3,3,3,3,Commercial,Geography,Economics,Biology,Business & Finance
3,2,4,3,4,4,2,3,3,2,3,5,Science,Languages,History,Literature,"Arts, Design & Communication"
3,4,3,4,5,3,4,2,2,3,1,1,Science,Maths,Accounting,Languages,Business & Finance
5,4,3,3,2,5,2,5,3,2,3,3,Science,Physics,Maths,Computer Science,Computing & IT
3,1,2,3,4,4,4,3,2,2,1,4,Technical,Computer Science,History,Geography,"Arts, Design & Communication"
4,5,2,2,3,2,2,5,3,1,3,2,Science,Computer Science,Maths,Physics,Computing & IT
1,2,3,3,4,2,4,1,1,2,3,5,Arts,History,Economics,Languages,Law & Political Science
1,4,3,4,5,2,5,4,3,2,3,4,Science,Accounting,Geography,Maths,Business & Finance
5,3,2,2,2,4,3,5,2,3,2,4,Science,Physics,Computer Science,Maths,Computing & IT
4,4,2,2,3,3,2,5,3,2,2,3,Technical,Technical Drawing,Physics,Computer Science,Computing & IT
3,3,2,3,3,1,3,2,4,4,4,2,Commercial,Chemistry,Computer Science,Geography,Agriculture & Environment
3,1,2,4,1,3,3,2,4,3,5,3,Science,Computer Science,Chemistry,Physics,Agriculture & Environment
4,4,2,3,3,3,3,4,3,2,5,5,Science,Computer Science,Technical Drawing,Chemistry,Engineering
2,4,2,4,3,3,4,3,3,1,3,2,Commercial,Languages,Economics,Maths,Business & Finance
5,5,3,3,2,3,2,4,3,4,2,2,Science,Technical Drawing,Physics,Maths,Engineering
3,3,5,3,1,1,4,3,3,3,4,3,Science,Chemistry,Biology,Maths,Health Sciences
4,5,3,1,5,4,3,4,3,2,4,3,Science,Technical Drawing,Chemistry,Biology,Engineering
2,2,3,2,3,3,3,3,5,3,2,5,Arts,Economics,Literature,History,Law & Political Science
3,3,2,3,1,3,3,4,5,3,3,3,Science,Geography,Economics,Chemistry,Agriculture & Environment
4,4,3,3,3,1,3,4,4,3,4,2,Science,Biology,Geography,Economics,Agriculture & Environment
3,4,4,4,4,3,4,3,2,1,3,2,Commercial,Geography,Accounting,Maths,Business & Finance
3,2,4,4,4,2,5,2,1,3,4,5,Arts,Languages,Geography,Accounting,Law & Political Science
3,5,5,3,4,1,4,3,3,5,5,3,Science,Maths,Biology,Technical Drawing,Health Sciences
3,2,3,3,3,5,4,4,3,2,2,5,Science,Languages,History,Computer Science,"Arts, Design & Communication"
1,4,3,5,4,3,3,3,3,2,2,3,Commercial,Maths,Chemistry,Accounting,Business & Finance
3,2,2,3,4,3,5,2,2,3,2,5,Arts,Literature,Geography,Biology,Law & Political Science
4,3,2,3,4,1,4,3,3,5,2,3,Commercial,Geography,Languages,Literature,Law & Political Science
3,5,3,3,2,4,4,5,3,2,2,3,Technical,Languages,Technical Drawing,Computer Science,Computing & IT
5,5,1,3,2,4,1,3,2,3,4,3,Technical,Computer Science,Technical Drawing,Chemistry,Engineering
4,5,2,2,2,3,3,3,4,3,5,2,Technical,Technical Drawing,Literature,Maths,Engineering
3,2,3,3,3,2,4,3,4,2,5,3,Science,Geography,Biology,Physics,Agriculture & Environment
2,3,5,2,2,2,3,3,1,2,4,2,Science,Physics,Maths,Biology,"Arts, Design & Communication"
4,3,3,2,4,5,5,4,4,2,2,4,Commercial,History,Maths,Computer Science,"Arts, Design & Communication"
3,1,3,3,3,3,3,2,5,3,4,3,Science,Geography,Accounting,Biology,"Arts, Design & Communication"
2,3,2,2,4,1,4,2,2,3,3,5,Arts,History,Literature,Economics,Law & Political Science
4,3,4,2,3,3,3,5,3,3,4,2,Science,Chemistry,Geography,Maths,Health Sciences
4,4,2,3,2,4,3,4,3,1,3,1,Science,Physics,Computer Science,Technical Drawing,Health Sciences
2,4,4,1,3,2,2,2,2,5,3,3,Arts,Maths,Languages,Biology,Education
4,2,3,4,3,3,2,2,3,2,5,4,Science,Chemistry,Maths,Literature,Health Sciences
2,3,4,2,3,2,2,2,3,4,5,5,Arts,Literature,Computer Science,Maths,Education
3,3,2,4,2,4,4,2,4,5,3,3,Commercial,Geography,Literature,History,Law & Political Science
3,3,4,3,3,2,4,5,2,4,3,2,Arts,History,Literature,Geography,Education
3,3,2,2,3,4,2,4,2,3,2,3,Arts,Computer Science,Technical Drawing,Literature,"Arts, Design & Communication"
3,5,2,3,1,3,3,4,2,4,4,1,Commercial,Computer Science,Technical Drawing,Physics,Engineering
2,2,1,3,5,4,4,3,2,3,4,5,Arts,History,Technical Drawing,Languages,"Arts, Design & Communication"
3,2,3,2,3,2,2,3,3,5,2,5,Science,Geography,Literature,History,Education
5,5,2,2,3,3,1,4,3,2,5,2,Technical,Physics,Computer Science,Chemistry,Engineering
1,4,3,3,2,3,1,3,3,3,3,5,Science,Biology,Maths,Physics,Health Sciences
3,2,3,1,3,4,2,4,2,4,2,3,Commercial,Maths,History,Biology,Education
2,4,2,3,2,3,2,4,3,1,1,3,Science,Maths,Technical Drawing,Computer Science,Computing & IT
5,4,2,3,2,3,3,4,5,3,5,2,Science,Physics,Maths,Economics,Engineering
3,4,3,3,3,5,3,4,2,3,3,3,Arts,Technical Drawing,Languages,History,"Arts, Design & Communication"
4,3,4,5,5,3,3,2,2,2,4,2,Commercial,Accounting,Geography,Languages,Business & Finance
3,3,3,3,2,4,4,4,3,5,3,3,Arts,Physics,Economics,Geography,Law & Political Science
2,3,3,3,4,2,5,2,3,4,2,4,Arts,Literature,History,Languages,Law & Political Science
3,3,3,2,4,5,4,2,2,2,2,4,Arts,Languages,Computer Science,Biology,"Arts, Design & Communication"
2,3,4,3,4,3,4,3,3,3,3,5,Arts,Accounting,Geography,Languages,Law & Political Science
2,3,2,3,4,1,4,1,3,5,2,4,Arts,Economics,Literature,Geography,Law & Political Science
4,2,3,2,3,2,3,2,1,5,2,4,Arts,Languages,Geography,Maths,Education
3,5,3,1,3,4,2,4,1,3,4,2,Technical,Physics,History,Chemistry,Engineering
2,2,2,4,4,2,4,3,2,3,2,5,Science,Economics,Accounting,History,Law & Political Science
3,2,3,3,3,3,3,3,2,5,3,5,Science,History,Accounting,Biology,Education
4,5,3,4,3,3,1,4,5,2,1,3,Commercial,Biology,Maths,Physics,Computing & IT
3,3,4,1,2,1,3,4,2,3,5,3,Science,Maths,Biology,Chemistry,Health Sciences
3,2,5,2,4,4,3,2,1,3,3,4,Science,Maths,Languages,Geography,Education
4,2,3,4,1,2,2,3,4,2,5,3,Arts,Physics,Geography,Economics,Agriculture & Environment
2,3,1,4,3,3,2,3,5,3,3,3,Science,Geography,Biology,Physics,Agriculture & Environment
3,2,2,2,5,4,5,3,3,4,2,5,Arts,Literature,Languages,Geography,Law & Political Science
1,3,1,3,5,2,5,2,3,2,3,5,Arts,Literature,History,Languages,Education
5,5,3,3,3,4,2,4,2,2,5,3,Science,Physics,Literature,Chemistry,Engineering
3,2,3,2,4,2,4,2,2,3,3,4,Science,Literature,Geography,Economics,Law & Political Science
2,3,3,4,4,2,2,4,1,2,4,2,Commercial,Maths,Geography,Economics,"Arts, Design & Communication"
2,5,3,4,5,1,4,3,3,4,1,3,Commercial,Accounting,Geography,Maths,Business & Finance
4,3,2,3,5,3,5,2,2,3,2,4,Arts,Literature,History,Geography,Law & Political Science
1,2,3,2,3,2,3,3,3,5,3,4,Arts,History,Biology,Geography,Education
4,3,3,1,2,1,1,4,1,1,4,2,Science,Technical Drawing,Computer Science,Physics,Engineering
2,3,4,1,3,1,3,3,2,4,1,2,Arts,History,Geography,Biology,Education
3,3,3,2,1,2,3,2,5,3,3,2,Science,Geography,Physics,Chemistry,Agriculture & Environment
2,4,2,5,4,3,2,2,3,4,2,4,Commercial,Maths,Biology,Languages,Business & Finance
4,5,1,2,2,3,3,4,5,1,5,2,Science,Physics,Maths,Languages,Engineering
4,4,1,4,3,4,3,4,1,3,3,3,Science,Maths,History,Physics,Computing & IT
3,4,3,5,3,3,3,4,1,4,3,4,Commercial,Accounting,Maths,Economics,Business & Finance
3,4,3,3,2,3,4,3,4,5,2,4,Science,History,Biology,Computer Science,Education
2,4,3,5,5,2,1,3,2,2,3,3,Arts,Maths,Economics,Accounting,Business & Finance
3,3,2,3,4,2,4,2,3,4,2,5,Arts,Maths,Languages,Economics,Law & Political Science
1,3,4,2,4,1,2,2,3,5,4,3,Arts,Accounting,Biology,History,Education
4,2,1,5,5,3,4,2,2,3,4,4,Arts,Biology,Economics,Geography,Business & Finance
2,2,3,1,3,4,2,2,4,5,2,4,Science,Languages,Geography,Biology,Education
2,4,2,2,5,2,2,4,2,3,2,5,Arts,Chemistry,Languages,Geography,Education
3,4,2,2,1,3,4,4,2,4,2,1,Science,Maths,Technical Drawing,Physics,Computing & IT
3,5,2,4,5,2,2,3,2,1,3,3,Commercial,Languages,Accounting,Maths,Business & Finance
4,3,3,2,3,2,3,2,3,5,2,4,Science,Chemistry,Languages,Geography,Education
3,1,2,4,3,4,5,3,2,2,3,4,Arts,Literature,Computer Science,Accounting,"Arts, Design & Communication"
2,2,4,3,4,5,3,3,1,2,3,5,Arts,Languages,Technical Drawing,Literature,"Arts, Design & Communication"
3,1,2,4,3,2,1,3,5,3,3,2,Science,Literature,Chemistry,Geography,Agriculture & Environment
5,3,3,2,2,2,4,2,3,3,4,2,Science,Chemistry,Biology,Geography,Agriculture & Environment
1,4,4,2,2,3,2,3,3,2,5,4,Science,Maths,Biology,Physics,Health Sciences
3,4,4,4,3,3,4,3,1,5,2,4,Arts,Biology,Geography,Economics,Education
3,3,2,5,4,1,3,3,2,4,1,5,Commercial,Accounting,Geography,Technical Drawing,Business & Finance
3,3,3,3,4,5,4,5,2,2,4,5,Commercial,Computer Science,Languages,Economics,"Arts, Design & Communication"
3,3,3,5,4,3,3,3,3,3,2,3,Commercial,Economics,Languages,Accounting,Business & Finance
5,4,4,5,1,3,3,4,3,3,2,2,Science,Physics,Technical Drawing,Maths,Computing & IT
2,3,5,2,2,3,3,2,2,4,5,4,Technical,Literature,Biology,Physics,Health Sciences
3,3,4,4,2,4,1,2,1,3,4,3,Science,Physics,Maths,Biology,Health Sciences
5,5,2,4,3,2,2,5,1,2,3,2,Science,Technical Drawing,Physics,Computer Science,Engineering
5,4,3,1,2,2,3,4,1,4,5,3,Science,Physics,Technical Drawing,Economics,Engineering
4,3,3,3,2,2,1,4,5,3,2,2,Technical,Physics,Technical Drawing,Maths,Computing & IT
2,3,4,4,3,3,2,3,5,3,4,3,Science,Physics,Chemistry,Accounting,Agriculture & Environment
2,2,5,2,4,3,4,1,3,5,2,3,Science,Maths,History,Biology,Education
1,2,2,3,4,4,3,2,2,3,2,4,Arts,Technical Drawing,Economics,Literature,"Arts, Design & Communication"
3,2,3,2,4,4,3,3,3,1,3,3,Arts,History,Technical Drawing,Chemistry,"Arts, Design & Communication"
3,2,2,2,4,1,5,4,2,3,4,5,Arts,Economics,Geography,Literature,Law & Political Science
4,3,5,3,2,4,3,2,3,4,5,3,Science,Chemistry,Maths,Biology,Health Sciences
4,2,3,3,4,1,2,4,3,5,2,5,Arts,Biology,Maths,Geography,Education
5,3,3,4,2,4,2,3,3,3,5,4,Technical,Computer Science,Maths,Chemistry,Engineering
3,4,5,2,2,3,3,4,3,4,5,4,Science,Maths,Chemistry,Biology,Health Sciences
1,3,3,4,3,2,2,3,3,2,2,4,Arts,Accounting,Geography,Economics,Business & Finance
3,3,4,3,1,4,3,2,3,5,4,5,Science,Biology,Physics,Economics,Health Sciences
3,3,1,4,5,3,3,3,2,2,3,3,Science,Languages,Maths,Geography,Business & Finance
3,2,2,4,2,1,3,3,2,4,3,3,Commercial,Maths,Languages,Economics,Business & Finance
4,5,1,3,3,3,2,5,2,2,3,3,Science,Physics,Economics,Maths,Computing & IT
4,5,4,3,2,1,4,2,2,3,4,3,Science,Physics,Maths,Chemistry,Health Sciences
3,4,2,3,2,2,1,5,2,2,4,4,Technical,Technical Drawing,Maths,Computer Science,Engineering
2,4,3,3,4,1,3,3,2,2,4,1,Commercial,Languages,Accounting,Economics,Business & Finance
4,3,4,3,4,3,3,2,2,4,4,4,Science,Maths,Chemistry,Economics,Health Sciences
5,4,2,1,3,2,2,4,2,3,3,3,Science,Geography,Computer Science,Physics,Computing & IT
2,4,5,3,5,2,3,3,2,5,1,4,Technical,Physics,Literature,Languages,Education
5,5,2,3,3,2,2,4,4,3,2,2,Science,Maths,Physics,Computer Science,Law & Political Science
2,5,2,2,2,3,2,4,1,3,2,2,Science,Languages,Physics,Maths,Computing & IT
3,1,4,1,2,2,3,2,2,4,5,4,Science,Maths,Physics,Biology,Health Sciences
1,5,5,4,3,3,2,3,1,1,4,2,Science,Computer Science,Biology,Chemistry,Health Sciences
4,5,2,2,3,3,3,4,3,3,2,3,Science,Literature,Computer Science,Physics,Computing & IT
4,5,2,3,3,2,3,5,2,4,4,3,Science,Chemistry,Computer Science,Technical Drawing,Engineering
2,2,3,5,4,4,4,2,2,2,3,3,Science,Chemistry,Geography,Maths,Business & Finance
1,2,2,3,4,5,4,3,2,3,1,5,Arts,Technical Drawing,Computer Science,Languages,"Arts, Design & Communication"
1,4,4,4,3,2,3,2,1,4,2,3,Arts,Biology,Geography,Literature,Education
3,3,4,4,3,1,1,3,2,5,2,3,Science,Geography,Accounting,Biology,Education
4,3,4,1,5,4,3,3,2,2,2,4,Commercial,Technical Drawing,Literature,Languages,"Arts, Design & Communication"
1,3,4,3,4,2,4,2,2,5,5,3,Science,Biology,Maths,Physics,Health Sciences
4,5,3,2,3,5,4,3,2,1,2,4,Arts,Literature,Computer Science,History,"Arts, Design & Communication"
3,3,5,3,4,4,2,2,3,3,5,4,Science,Biology,Maths,Technical Drawing,Health Sciences
3,3,3,2,3,4,2,4,3,3,2,5,Arts,Literature,Technical Drawing,Maths,Education
5,5,3,1,2,3,2,3,3,3,4,3,Science,Physics,Computer Science,Economics,Engineering
3,4,3,3,1,3,2,5,1,3,2,3,Science,Physics,Maths,Computer Science,Education
4,5,1,5,2,3,2,3,3,3,1,1,Commercial,Computer Science,Technical Drawing,Physics,Computing & IT
3,2,3,4,3,2,4,3,3,3,2,4,Arts,Geography,History,Economics,Law & Political Science
5,4,3,3,2,3,3,4,4,1,5,3,Technical,Economics,Maths,Chemistry,Engineering
3,5,3,3,2,2,2,3,2,5,2,4,Science,Maths,History,Geography,Education
3,3,2,3,5,3,5,3,3,4,2,5,Science,Economics,Languages,Geography,Law & Political Science
2,3,5,1,1,2,3,3,1,3,4,2,Commercial,Maths,Physics,Chemistry,Health Sciences
1,2,2,5,5,3,3,3,2,2,1,3,Commercial,Geography,Literature,Languages,Business & Finance
3,4,2,3,3,3,2,3,3,3,4,2,Science,Maths,Computer Science,Languages,Health Sciences
2,3,4,2,2,1,2,3,2,5,1,3,Arts,Geography,Literature,Chemistry,Education
3,1,2,4,3,4,5,3,3,3,2,5,Arts,Languages,Geography,Economics,Law & Political Science
3,3,4,3,4,3,3,3,1,5,3,4,Commercial,History,Geography,Biology,Education
3,4,3,2,3,1,1,4,2,5,4,5,Science,Maths,Geography,History,Education
4,2,3,3,2,1,2,3,5,2,5,2,Science,Chemistry,Geography,Economics,Agriculture & Environment
1,5,5,3,2,2,3,2,2,5,1,4,Arts,Accounting,History,Literature,Education
1,2,3,3,4,4,4,3,3,3,3,3,Arts,Technical Drawing,Physics,Literature,"Arts, Design & Communication"
4,2,1,2,3,4,4,2,4,4,3,4,Arts,Geography,History,Languages,Law & Political Science
3,2,4,3,3,3,5,3,3,3,5,1,Science,Geography,Economics,Biology,Agriculture & Environment
5,3,4,3,3,3,3,3,4,2,3,2,Science,Chemistry,Geography,Computer Science,Health Sciences
2,2,5,4,2,1,3,1,4,3,3,3,Science,Physics,Languages,Biology,Health Sciences
1,2,5,4,4,2,4,3,3,5,1,3,Commercial,Maths,Languages,Literature,Education
2,2,5,2,3,2,4,3,3,3,2,5,Arts,Technical Drawing,Geography,Biology,Education
2,3,3,3,3,1,4,3,2,4,2,5,Arts,History,Economics,Languages,Law & Political Science
3,2,1,5,3,2,2,3,5,1,2,2,Science,Biology,Geography,Economics,Agriculture & Environment
2,3,3,2,3,2,3,2,3,3,3,3,Science,Physics,Maths,Chemistry,Health Sciences
2,3,3,5,5,2,4,2,2,2,2,4,Arts,Geography,Accounting,Languages,Business & Finance
3,2,2,3,5,2,5,3,2,3,2,3,Arts,Geography,Maths,Languages,Law & Political Science
2,1,3,2,3,3,5,2,2,3,4,5,Arts,Geography,Languages,Literature,Law & Political Science
3,3,4,4,1,2,3,4,5,2,5,2,Science,Physics,Geography,Economics,Agriculture & Environment
2,2,3,3,3,2,5,2,2,3,4,4,Arts,History,Literature,Computer Science,Law & Political Science
4,3,5,2,2,2,3,3,3,4,4,3,Science,Chemistry,Literature,Biology,Health Sciences
2,2,2,4,2,2,5,2,2,5,3,5,Arts,Languages,Geography,Literature,Business & Finance
2,3,5,3,3,3,3,4,2,2,5,4,Technical,Chemistry,Maths,Biology,Health Sciences
3,2,2,2,1,2,4,3,5,2,5,2,Science,Biology,Physics,Chemistry,Agriculture & Environment
2,3,2,3,2,4,4,3,2,3,3,3,Commercial,Computer Science,Physics,History,"Arts, Design & Communication"
4,4,2,4,5,3,4,2,2,1,2,3,Commercial,Languages,Maths,Geography,Business & Finance
2,3,2,3,3,4,1,3,1,3,4,5,Science,Computer Science,Technical Drawing,Literature,"Arts, Design & Communication"
4,4,1,5,2,3,4,5,3,4,2,3,Technical,Computer Science,Maths,Physics,Computing & IT
2,2,5,2,4,4,3,2,1,4,4,4,Science,Biology,Maths,Literature,Education
3,4,3,2,5,3,5,2,3,5,1,5,Arts,Accounting,Literature,Languages,Law & Political Science
5,5,2,4,2,4,2,5,3,2,4,1,Science,Maths,Geography,Technical Drawing,Computing & IT
3,3,3,3,2,3,2,2,5,4,3,4,Technical,Biology,Chemistry,Economics,Agriculture & Environment
1,2,1,2,3,5,3,4,3,3,2,5,Commercial,Literature,Computer Science,Technical Drawing,"Arts, Design & Communication"
4,3,4,2,2,1,1,3,3,3,4,3,Science,Maths,Physics,Biology,Health Sciences
4,1,3,2,5,5,3,3,3,3,1,5,Arts,History,Languages,Computer Science,"Arts, Design & Communication"
3,3,4,1,4,3,1,3,3,5,3,5,Science,History,Physics,Maths,Education
4,2,3,2,3,2,2,3,5,2,5,3,Science,Physics,Economics,Chemistry,Agriculture & Environment
1,4,3,5,4,3,3,2,3,3,2,3,Arts,Accounting,Economics,Geography,Business & Finance
2,2,5,2,1,2,2,3,3,5,4,4,Science,Chemistry,Biology,Maths,Health Sciences
3,4,1,2,3,2,3,4,3,2,5,3,Technical,Economics,Maths,Technical Drawing,Engineering
3,4,5,2,2,2,2,2,1,4,1,5,Arts,Literature,History,Geography,Education
1,4,4,1,3,3,2,4,2,3,4,2,Science,Chemistry,Biology,Maths,Health Sciences
5,2,4,1,3,1,2,1,3,5,4,3,Science,Maths,Biology,Physics,Health Sciences
2,2,3,1,4,1,2,3,5,2,2,3,Commercial,Biology,Physics,Economics,Agriculture & Environment
3,3,3,3,5,4,3,3,4,3,3,2,Science,Accounting,Maths,Geography,Business & Finance
4,4,2,3,3,3,1,5,2,4,2,3,Science,Technical Drawing,Computer Science,Physics,Computing & IT
4,5,4,4,1,2,2,5,3,2,3,2,Science,Physics,Computer Science,Technical Drawing,Computing & IT
2,4,3,4,4,2,5,2,2,4,1,3,Arts,Literature,Geography,Economics,Law & Political Science
2,2,3,3,3,3,5,4,1,4,2,5,Arts,Economics,Chemistry,Geography,Law & Political Science
3,3,5,4,4,2,3,4,5,5,3,5,Commercial,Economics,Maths,Literature,Engineering
5,4,2,3,3,3,2,3,3,4,3,2,Technical,Chemistry,Technical Drawing,Physics,Engineering
3,4,4,3,2,4,3,5,3,3,5,3,Technical,Technical Drawing,Chemistry,Maths,Engineering
4,3,3,2,4,3,1,3,5,2,5,3,Science,Chemistry,Physics,Biology,"Arts, Design & Communication"
2,5,5,3,3,2,2,3,4,5,4,5,Commercial,History,Literature,Physics,Education
5,5,3,3,2,2,2,3,3,1,5,2,Science,Chemistry,Computer Science,Maths,Engineering
1,3,1,2,4,3,5,2,4,3,3,5,Arts,Literature,History,Languages,Law & Political Science
4,5,3,4,2,2,3,5,1,2,5,3,Technical,Chemistry,Maths,Technical Drawing,Engineering
3,4,4,4,3,2,3,2,2,2,1,3,Commercial,Geography,Maths,Economics,Business & Finance
3,2,3,3,4,2,1,3,2,5,3,4,Science,History,Biology,Maths,"Arts, Design & Communication"
2,2,2,3,3,5,2,2,3,2,3,5,Arts,History,Literature,Languages,"Arts, Design & Communication"
1,3,5,1,3,1,2,1,4,4,2,4,Science,Economics,Maths,Languages,Education
5,4,3,3,3,3,4,3,3,3,2,2,Commercial,Literature,Technical Drawing,Maths,Health Sciences
4,3,3,2,2,4,3,3,2,3,2,5,Arts,History,Computer Science,Languages,"Arts, Design & Communication"
3,3,2,3,3,2,3,3,2,3,2,4,Arts,History,Literature,Economics,Law & Political Science
5,5,2,3,4,2,2,4,3,2,2,4,Science,Technical Drawing,Computer Science,Maths,Engineering
3,3,4,3,5,2,1,2,2,5,3,3,Arts,Geography,Accounting,Biology,Education
2,4,4,3,3,3,5,4,1,3,2,4,Science,Economics,Literature,Geography,Law & Political Science
4,5,3,3,2,5,2,5,3,1,3,1,Science,Physics,Geography,Maths,Computing & IT
3,3,4,2,2,3,1,4,2,3,5,3,Science,Literature,Biology,Chemistry,Health Sciences
5,5,1,2,2,3,1,4,3,2,3,2,Science,Physics,Technical Drawing,Biology,Computing & IT
4,4,3,5,2,2,3,5,2,3,4,1,Science,Maths,Computer Science,Physics,Computing & IT
4,3,4,3,2,2,3,5,2,1,3,2,Science,Maths,Computer Science,Physics,Computing & IT
1,3,3,3,5,2,3,3,3,1,2,4,Commercial,Maths,Economics,Languages,Business & Finance
2,2,1,5,4,5,3,4,2,2,2,5,Arts,Computer Science,Technical Drawing,Chemistry,"Arts, Design & Communication"
2,4,2,3,4,3,4,2,3,3,1,4,Arts,Maths,Languages,Accounting,Business & Finance
3,5,3,3,2,3,3,5,3,1,3,3,Science,Maths,Physics,Technical Drawing,Computing & IT
4,2,3,4,5,5,3,4,2,4,3,4,Arts,Computer Science,History,Technical Drawing,"Arts, Design & Communication"
4,4,2,4,5,2,3,2,2,2,1,2,Technical,Accounting,Economics,Maths,Business & Finance
5,5,2,4,2,1,3,3,3,2,5,4,Science,Maths,Technical Drawing,Physics,Engineering
3,1,3,3,4,4,5,3,3,2,1,5,Arts,Geography,Economics,Literature,Law & Political Science
3,3,3,4,3,2,4,4,3,4,3,4,Arts,History,Literature,Economics,Law & Political Science
5,4,2,3,2,3,2,5,4,2,5,2,Science,Economics,Computer Science,Physics,Engineering
3,1,2,2,1,3,4,3,4,2,4,3,Science,Biology,Geography,Physics,Agriculture & Environment
2,2,1,4,4,2,2,3,1,5,1,5,Commercial,Literature,History,Languages,Law & Political Science
4,5,2,1,4,4,3,5,2,4,4,2,Technical,Maths,Chemistry,Computer Science,Engineering
4,4,3,3,2,1,1,3,4,3,4,3,Arts,Computer Science,Biology,Geography,Business & Finance
4,4,3,2,3,3,3,4,3,4,4,4,Science,Literature,Technical Drawing,Maths,Engineering
2,4,3,5,4,1,4,1,2,2,3,2,Commercial,Geography,Technical Drawing,Languages,Business & Finance
2,1,3,3,5,2,4,4,4,3,2,5,Technical,Languages,History,Literature,Law & Political Science
4,5,3,2,2,3,3,3,4,3,4,2,Science,History,Maths,Computer Science,Engineering
3,5,3,3,4,1,3,4,3,2,3,2,Commercial,Maths,Economics,Languages,Business & Finance
3,3,4,3,2,4,3,3,2,5,5,3,Science,Maths,Biology,Chemistry,Law & Political Science
3,5,2,3,1,4,3,5,3,4,2,2,Technical,Maths,Physics,Technical Drawing,Computing & IT
2,4,4,3,3,3,4,4,4,4,2,3,Science,Technical Drawing,Physics,Maths,Computing & IT
2,4,4,3,2,1,3,4,3,4,5,3,Science,Chemistry,Literature,Physics,Health Sciences
3,3,5,1,2,3,3,3,3,5,2,5,Arts,Biology,Literature,Languages,Education
4,2,4,4,2,3,1,3,5,3,5,3,Science,Technical Drawing,Economics,Biology,Agriculture & Environment
4,4,2,4,1,3,2,3,5,3,4,1,Arts,Physics,Geography,Economics,Agriculture & Environment
3,4,1,4,3,4,3,5,4,2,3,2,Science,Maths,Computer Science,Technical Drawing,Computing & IT
1,3,3,2,4,2,5,4,3,3,2,4,Arts,History,Languages,Geography,Education
2,5,3,4,3,4,3,4,2,2,3,2,Science,Computer Science,Physics,Technical Drawing,Computing & IT
3,2,4,3,3,4,3,1,5,3,4,3,Science,Economics,Physics,Biology,Computing & IT
3,5,3,3,3,3,3,5,2,2,3,3,Technical,Technical Drawing,Physics,Computer Science,Computing & IT
2,5,3,2,3,5,2,3,2,3,2,4,Arts,Computer Science,Maths,History,"Arts, Design & Communication"
2,4,5,4,3,2,2,2,4,5,1,4,Arts,History,Maths,Geography,Education
3,3,3,2,3,5,5,3,2,1,2,4,Arts,History,Languages,Literature,"Arts, Design & Communication"
4,3,2,1,3,2,3,4,2,3,5,2,Technical,Technical Drawing,Computer Science,Biology,Engineering
3,3,5,2,2,3,2,1,3,4,4,2,Science,Physics,Chemistry,Biology,Health Sciences
5,3,3,3,2,4,1,3,3,3,3,3,Technical,Physics,Chemistry,Computer Science,Engineering
2,5,2,4,2,4,2,3,3,2,1,3,Technical,Computer Science,Physics,Maths,Computing & IT
4,5,4,3,3,2,1,3,2,4,1,2,Science,Maths,Technical Drawing,Computer Science,Computing & IT
2,2,5,3,4,3,2,3,3,5,4,3,Science,Maths,Physics,Chemistry,Engineering
3,3,1,2,4,5,3,3,2,4,3,4,Arts,Technical Drawing,History,Computer Science,"Arts, Design & Communication"
3,2,4,2,2,1,1,2,3,3,4,5,Science,Chemistry,Maths,History,Computing & IT
4,4,2,2,2,3,3,5,2,2,3,2,Technical,Computer Science,Maths,Technical Drawing,Engineering
4,4,3,4,3,2,3,5,3,1,3,4,Science,Computer Science,Technical Drawing,Maths,Computing & IT
2,3,2,3,3,3,5,2,3,5,2,4,Arts,Geography,Literature,History,Law & Political Science
3,4,2,2,1,4,2,4,3,2,4,2,Science,Technical Drawing,Physics,Biology,Engineering
1,2,5,3,3,2,3,2,3,3,4,4,Science,Chemistry,Maths,Biology,Health Sciences
2,3,4,1,3,5,3,4,4,2,4,3,Commercial,Languages,Computer Science,Literature,"Arts, Design & Communication"
3,3,2,3,2,3,2,3,3,5,2,5,Science,Literature,Maths,Geography,Education
4,3,2,2,2,4,1,3,2,3,5,4,Science,Technical Drawing,History,Physics,Engineering
1,4,5,4,2,2,2,4,2,3,4,3,Science,Chemistry,Physics,Biology,Health Sciences
3,1,1,3,2,1,2,3,4,2,4,2,Science,Geography,Chemistry,Literature,Agriculture & Environment
1,3,3,3,3,5,3,3,2,3,1,4,Science,Literature,Computer Science,History,"Arts, Design & Communication"
2,1,3,2,4,5,4,2,2,2,3,2,Arts,History,Technical Drawing,Literature,"Arts, Design & Communication"
5,2,2,2,3,2,2,4,5,2,4,4,Science,Geography,Biology,Chemistry,Agriculture & Environment
2,2,4,2,3,1,3,2,1,4,2,4,Commercial,History,Geography,Literature,Education
3,2,3,1,4,5,2,3,2,3,3,3,Arts,Languages,Computer Science,Technical Drawing,"Arts, Design & Communication"
4,2,5,3,3,2,2,3,2,5,4,2,Science,Chemistry,Physics,Maths,Health Sciences
3,2,1,3,3,1,4,3,4,3,5,2,Science,History,Economics,Physics,Agriculture & Environment
3,3,3,2,4,2,4,4,2,4,4,5,Arts,Biology,Economics,Languages,Law & Political Science
5,5,2,4,2,5,1,4,2,2,5,5,Science,Physics,Technical Drawing,Computer Science,Engineering
5,5,1,2,2,2,2,3,4,3,5,1,Technical,Physics,Maths,Chemistry,Engineering
2,3,4,1,3,2,2,3,3,5,2,4,Arts,Geography,History,Maths,Education
2,3,1,3,3,2,4,2,2,3,2,4,Arts,Economics,Geography,Physics,Law & Political Science
2,4,4,2,3,1,2,1,2,5,3,5,Science,Literature,Languages,Maths,Education
2,3,4,2,3,3,2,2,2,2,4,4,Science,Biology,Technical Drawing,Physics,Health Sciences
3,3,3,4,4,2,5,3,2,4,2,4,Commercial,Literature,Accounting,Geography,Education
3,4,5,2,3,2,3,4,3,3,3,5,Arts,Languages,Maths,Biology,Education
3,5,3,4,4,4,2,4,2,2,3,2,Science,History,Maths,Computer Science,Computing & IT
4,4,2,2,2,3,2,4,3,3,5,4,Commercial,History,Computer Science,Chemistry,Health Sciences
1,3,5,3,4,2,2,2,2,5,3,4,Arts,Literature,Biology,Maths,Education
2,3,3,3,4,2,3,2,4,5,2,4,Arts,History,Literature,Geography,Education
5,3,4,4,2,3,3,5,3,4,3,2,Science,Maths,Computer Science,Technical Drawing,Engineering
2,2,3,3,2,4,3,5,3,2,3,3,Arts,Technical Drawing,Computer Science,Biology,"Arts, Design & Communication"
2,1,2,5,2,2,5,3,2,3,2,4,Arts,Geography,Languages,Economics,Law & Political Science
4,2,2,2,3,2,4,4,1,5,4,5,Arts,Languages,Economics,Physics,Law & Political Science
2,4,1,2,4,4,3,3,4,2,3,4,Arts,Literature,History,Technical Drawing,"Arts, Design & Communication"
2,3,2,4,5,1,4,2,2,1,2,3,Science,Languages,Economics,Accounting,Business & Finance
2,3,4,4,4,1,4,2,2,2,3,3,Commercial,Languages,Geography,Physics,Business & Finance
3,3,3,3,1,4,4,3,4,2,3,2,Arts,Economics,Geography,Chemistry,Agriculture & Environment
5,4,1,2,3,1,4,4,4,2,2,3,Technical,Computer Science,Maths,Technical Drawing,Engineering
3,4,4,2,3,2,2,2,4,3,3,2,Science,Biology,Economics,Chemistry,Agriculture & Environment
4,5,2,4,4,1,3,2,2,4,2,2,Arts,Computer Science,Physics,Technical Drawing,Computing & IT
4,5,4,3,1,2,3,3,1,1,4,3,Science,Literature,Maths,Chemistry,Engineering
5,5,3,3,5,2,1,3,1,1,3,2,Technical,Technical Drawing,Chemistry,Physics,Engineering
4,3,2,2,4,2,5,2,1,5,3,4,Science,Accounting,History,Literature,Law & Political Science
5,5,2,3,3,3,3,5,3,2,5,1,Arts,Computer Science,Technical Drawing,Chemistry,Engineering
2,2,3,1,3,2,2,2,3,5,3,4,Arts,Literature,Biology,Maths,Education
4,3,3,3,3,3,2,5,2,4,1,2,Technical,Computer Science,Accounting,Maths,Computing & IT
2,3,4,3,2,3,3,2,5,3,4,4,Science,Chemistry,Biology,Maths,Health Sciences
1,3,4,3,4,3,2,5,2,5,2,2,Science,Biology,Maths,Geography,Education
3,2,3,3,1,3,3,3,5,3,4,4,Science,Economics,Chemistry,Biology,Agriculture & Environment
5,4,2,2,3,3,1,4,2,1,4,4,Science,Chemistry,Computer Science,Maths,Engineering
2,2,3,3,2,2,1,2,5,2,5,2,Science,Economics,Geography,Technical Drawing,Agriculture & Environment
3,4,3,3,4,1,3,2,2,4,1,4,Commercial,Geography,Languages,Economics,Business & Finance
3,2,3,4,2,2,3,3,4,2,4,2,Commercial,Chemistry,Biology,Economics,Agriculture & Environment
3,4,4,4,5,2,3,1,2,2,4,5,Science,Accounting,Geography,Physics,Business & Finance
2,5,5,3,1,3,3,1,3,3,4,2,Science,Chemistry,Maths,Biology,Health Sciences
2,1,3,5,4,1,3,3,3,2,2,4,Commercial,Geography,Maths,Economics,Business & Finance
2,2,5,4,3,3,4,5,2,2,5,4,Science,Biology,Physics,Maths,Health Sciences
2,4,2,4,1,4,4,3,3,2,3,3,Technical,Technical Drawing,Computer Science,Maths,Computing & IT
4,2,3,3,2,3,2,2,4,3,4,2,Arts,Geography,Biology,Economics,Agriculture & Environment
4,1,3,3,4,3,2,2,4,2,5,3,Technical,Maths,Biology,Geography,Agriculture & Environment
2,4,5,2,5,4,2,3,2,4,4,2,Science,Maths,Chemistry,Physics,Health Sciences
2,3,4,3,1,4,2,3,5,3,3,3,Arts,Physics,Geography,Biology,Agriculture & Environment
4,4,1,4,3,2,4,2,2,2,3,4,Commercial,Languages,Geography,Computer Science,Business & Finance
2,3,5,2,3,3,1,5,1,3,5,3,Science,Chemistry,Biology,Physics,Health Sciences
2,3,1,3,4,3,5,2,3,5,4,5,Arts,Literature,History,Geography,Law & Political Science
5,3,1,1,4,5,3,5,5,2,3,5,Science,Computer Science,Languages,Literature,"Arts, Design & Communication"
2,3,3,4,3,3,2,3,1,5,4,4,Arts,Literature,Maths,History,Education
3,3,4,4,3,3,1,3,5,3,4,5,Arts,Maths,Literature,History,Education
2,5,2,4,1,3,2,4,3,2,3,2,Technical,Computer Science,Maths,Physics,Computing & IT
3,3,3,3,3,3,3,4,4,2,3,1,Science,Computer Science,Physics,Maths,Computing & IT
3,3,3,4,5,2,5,4,2,2,4,5,Arts,History,Languages,Geography,Law & Political Science
3,2,4,2,1,3,3,1,5,2,4,1,Science,Chemistry,Economics,Geography,Agriculture & Environment
3,1,2,3,5,4,3,4,2,3,1,4,Arts,Technical Drawing,Literature,Computer Science,"Arts, Design & Communication"
3,2,5,3,3,2,3,3,3,4,2,3,Arts,Biology,Maths,Geography,Agriculture & Environment
3,3,2,3,5,5,3,3,2,1,3,5,Arts,History,Computer Science,Technical Drawing,"Arts, Design & Communication"
4,4,2,4,2,3,3,5,2,3,4,1,Science,Technical Drawing,Maths,Physics,Computing & IT
2,1,3,5,4,3,5,3,2,4,2,4,Arts,Technical Drawing,Economics,Literature,Engineering
3,1,4,3,5,3,1,3,3,5,5,4,Arts,Literature,Languages,History,Education
3,2,3,3,4,3,3,2,3,4,2,5,Science,Maths,Languages,Literature,Education
5,4,3,2,2,3,2,4,3,3,4,4,Science,Physics,Computer Science,Chemistry,Engineering
3,3,3,2,3,5,3,3,2,3,3,5,Arts,Languages,Accounting,Literature,"Arts, Design & Communication"
4,4,4,5,1,3,2,2,4,4,3,3,Science,Geography,Physics,Economics,Agriculture & Environment
3,5,3,2,2,3,1,4,2,3,3,2,Science,History,Computer Science,Physics,Business & Finance
4,3,3,4,3,3,2,2,5,4,3,2,Science,Geography,Chemistry,Biology,Agriculture & Environment
4,5,2,3,4,5,3,4,4,2,2,3,Science,Physics,Computer Science,Maths,Computing & IT
4,3,2,5,5,4,3,3,3,2,2,3,Commercial,Languages,Economics,Maths,Business & Finance
1,2,2,4,4,2,3,3,2,1,2,3,Science,Accounting,Geography,Languages,Business & Finance
5,5,3,2,4,1,4,2,2,2,4,3,Science,Maths,Chemistry,Economics,Engineering
3,3,2,4,2,4,1,5,4,2,3,3,Science,Technical Drawing,Computer Science,Maths,Computing & IT
2,5,2,3,3,5,2,5,3,2,3,2,Science,Technical Drawing,Maths,Physics,Computing & IT
5,5,3,3,2,4,2,4,1,3,4,4,Science,Physics,Technical Drawing,Chemistry,Engineering
4,5,3,4,2,4,3,5,1,3,2,2,Science,Computer Science,Maths,Technical Drawing,Computing & IT
3,2,4,2,4,3,3,2,3,5,2,4,Arts,Languages,History,Biology,Agriculture & Environment
5,3,2,3,2,3,2,2,5,2,3,3,Technical,Economics,Physics,Geography,Agriculture & Environment
2,3,4,2,4,3,2,2,3,4,2,4,Science,History,Geography,Accounting,Education
2,5,2,5,3,3,4,3,2,4,3,3,Commercial,Maths,Geography,Languages,Business & Finance
1,3,5,3,4,1,2,2,3,5,3,4,Arts,Literature,Maths,Geography,Education
5,5,2,3,2,4,2,3,2,3,4,3,Science,Computer Science,Accounting,Technical Drawing,Engineering
4,3,2,3,4,2,1,2,5,4,5,4,Science,Biology,Economics,Chemistry,Agriculture & Environment
1,4,2,4,5,2,3,1,3,3,3,2,Commercial,Economics,Geography,Languages,Business & Finance
4,2,4,3,2,2,4,3,4,2,3,5,Science,Biology,Chemistry,Physics,Agriculture & Environment
3,3,5,3,2,3,3,3,3,3,4,5,Science,Biology,Chemistry,Technical Drawing,Health Sciences
2,4,3,3,3,1,2,2,2,3,4,4,Science,Maths,Chemistry,History,Health Sciences
3,2,4,2,4,5,4,4,1,4,2,4,Arts,Maths,Languages,History,"Arts, Design & Communication"
1,3,2,5,3,3,5,2,3,3,2,5,Arts,Languages,Economics,Geography,Law & Political Science
5,4,1,4,2,3,3,4,3,1,2,4,Technical,Technical Drawing,Computer Science,Maths,Computing & IT
2,3,2,4,4,4,2,3,3,3,2,3,Science,History,Maths,Languages,Business & Finance
2,3,5,2,1,1,3,2,3,3,4,4,Science,Chemistry,Maths,Physics,Health Sciences
2,2,1,4,5,3,3,3,1,3,3,5,Arts,Geography,Languages,Literature,Law & Political Science
4,3,2,1,2,3,2,4,2,2,2,1,Technical,Computer Science,Technical Drawing,Physics,Engineering
2,3,4,4,4,3,4,2,2,3,1,3,Commercial,Economics,Computer Science,Geography,Business & Finance
3,2,2,3,3,3,2,3,2,2,2,3,Arts,Technical Drawing,Literature,Maths,"Arts, Design & Communication"
4,2,3,1,3,2,3,1,4,2,3,2,Science,Physics,Geography,Biology,Agriculture & Environment
4,3,2,5,5,4,3,2,2,3,3,5,Commercial,Geography,Languages,Accounting,Business & Finance
4,4,2,4,2,3,2,5,3,3,3,2,Science,Maths,Technical Drawing,Physics,Computing & IT
2,5,1,4,4,2,3,3,2,2,4,5,Science,Geography,Languages,History,Business & Finance
3,1,3,3,3,3,5,1,3,4,4,4,Commercial,Economics,History,Geography,Education
4,4,2,4,4,4,3,4,3,2,3,3,Science,Physics,Technical Drawing,Computer Science,Computing & IT
4,4,3,5,1,4,2,5,2,2,3,2,Science,Physics,Maths,Technical Drawing,Computing & IT
2,4,2,4,5,4,1,3,5,3,3,4,Commercial,Accounting,Geography,Maths,Business & Finance
3,3,3,2,4,5,2,2,5,2,4,3,Technical,Chemistry,Maths,Geography,Agriculture & Environment
4,4,3,3,3,2,2,4,2,4,3,3,Technical,Computer Science,Technical Drawing,Maths,Computing & IT
3,2,3,2,1,1,3,3,3,5,5,1,Science,Biology,Physics,Chemistry,Health Sciences
4,2,3,3,2,2,4,2,4,2,5,3,Technical,Chemistry,Geography,Physics,Agriculture & Environment
3,3,5,3,2,1,1,1,2,3,4,3,Science,Biology,Physics,Chemistry,Health Sciences
2,2,2,5,3,2,3,2,2,3,1,2,Commercial,Maths,Accounting,Literature,Business & Finance
1,4,5,1,3,3,2,4,2,2,4,4,Science,Biology,Maths,Physics,Health Sciences
3,4,4,4,5,2,3,2,1,3,2,1,Commercial,Maths,Languages,Economics,Business & Finance
3,3,3,4,4,4,4,1,3,4,3,3,Science,Computer Science,History,Technical Drawing,"Arts, Design & Communication"
3,2,3,2,3,1,3,2,5,3,4,2,Science,Economics,Physics,Biology,Agriculture & Environment
2,4,3,3,5,1,5,2,1,4,3,5,Arts,Literature,Economics,Languages,Law & Political Science
3,3,3,3,4,3,4,2,3,3,4,5,Arts,Maths,Literature,History,Law & Political Science
3,5,1,3,2,4,3,4,4,2,2,2,Science,Accounting,Physics,Technical Drawing,Computing & IT
3,3,4,2,4,1,3,3,4,4,3,4,Commercial,Maths,Literature,History,Education
3,3,3,4,5,2,2,2,3,3,1,5,Commercial,Maths,Languages,Economics,Business & Finance
2,3,3,5,5,3,4,3,2,4,3,4,Commercial,Languages,Geography,Biology,Business & Finance
3,4,2,2,3,2,2,2,2,5,3,5,Arts,Literature,Languages,History,Computing & IT
3,3,3,3,1,4,3,3,5,2,4,3,Science,Economics,Technical Drawing,Chemistry,Agriculture & Environment
3,4,2,5,4,3,3,2,2,3,3,4,Arts,Accounting,Maths,Economics,Business & Finance
4,4,3,3,5,2,4,3,3,3,3,5,Commercial,Geography,Languages,Accounting,Business & Finance
3,2,2,3,3,2,2,2,5,2,5,3,Science,Geography,Physics,Biology,Agriculture & Environment
5,4,3,2,3,4,1,3,3,5,3,4,Science,Maths,Technical Drawing,Computer Science,Engineering
5,5,3,3,2,4,3,5,2,2,1,2,Science,Computer Science,Physics,Maths,Computing & IT
3,4,1,3,4,2,3,4,3,2,3,2,Commercial,Geography,Languages,Economics,Business & Finance
2,4,3,2,3,2,2,2,2,3,2,4,Commercial,Biology,Accounting,Literature,Education
2,3,1,2,4,5,3,4,3,5,3,2,Arts,History,Computer Science,Literature,"Arts, Design & Communication"
1,3,1,2,4,5,3,3,1,3,1,3,Arts,Languages,History,Technical Drawing,"Arts, Design & Communication"
5,2,2,1,5,5,5,3,3,2,4,5,Arts,Technical Drawing,Literature,Languages,"Arts, Design & Communication"
2,4,2,2,5,4,4,4,2,1,4,5,Arts,Geography,Technical Drawing,Computer Science,"Arts, Design & Communication"
3,3,3,5,5,2,4,3,3,3,2,4,Commercial,Geography,Maths,Economics,Business & Finance
2,3,4,3,3,4,3,2,1,4,5,2,Science,Biology,Economics,Physics,Health Sciences
2,2,4,2,4,3,3,3,2,4,3,5,Science,Biology,Maths,Literature,Education
3,4,3,4,4,3,4,1,3,5,2,4,Science,Maths,History,Literature,Education
2,3,2,5,4,2,3,2,3,2,2,5,Commercial,Accounting,Geography,Languages,Business & Finance
2,2,2,2,3,3,5,5,4,2,2,4,Arts,History,Geography,Economics,Law & Political Science
4,3,3,3,2,2,2,2,5,2,4,3,Commercial,Chemistry,Biology,Economics,Agriculture & Environment
3,3,2,4,4,3,5,2,3,3,2,4,Arts,Languages,Technical Drawing,Economics,Law & Political Science
2,4,2,4,5,1,4,2,4,3,2,3,Science,Accounting,Economics,Geography,Business & Finance
2,2,2,1,3,1,4,2,2,3,2,4,Science,Geography,History,Economics,Law & Political Science
5,3,3,2,2,3,2,3,2,3,4,1,Science,Computer Science,Maths,Chemistry,Engineering
3,4,3,5,3,4,4,2,2,3,4,3,Commercial,Accounting,Maths,Geography,Business & Finance
4,2,4,3,3,3,4,1,3,3,5,3,Science,Biology,Maths,Chemistry,Health Sciences
4,2,4,2,3,5,3,3,2,3,1,5,Commercial,Languages,Technical Drawing,History,"Arts, Design & Communication"
4,3,3,3,4,3,3,2,5,3,5,3,Science,Maths,Geography,Chemistry,Agriculture & Environment
3,4,5,3,2,3,3,2,2,2,4,3,Science,Biology,Chemistry,Physics,Health Sciences
2,3,5,2,3,3,4,2,4,3,2,4,Arts,Maths,Literature,History,Education
3,2,3,3,2,2,4,2,4,2,4,5,Science,Geography,Physics,Chemistry,Agriculture & Environment
4,3,3,5,4,2,4,2,3,2,2,3,Arts,Economics,Languages,Geography,Computing & IT
3,4,2,3,3,3,2,5,3,2,3,2,Technical,Computer Science,Geography,Maths,Computing & IT
5,4,3,4,3,5,2,4,2,2,2,3,Technical,Physics,Literature,Maths,Computing & IT
2,2,3,3,3,5,3,3,3,2,1,5,Arts,Physics,Languages,History,Agriculture & Environment
3,5,3,1,2,3,4,3,3,4,4,2,Science,Maths,Physics,Computer Science,Engineering
2,2,2,1,3,3,3,2,2,5,2,5,Arts,Maths,Languages,History,Education
1,3,3,2,3,2,1,3,1,4,3,4,Arts,History,Literature,Computer Science,Education
4,4,2,5,5,3,3,2,3,3,2,2,Commercial,Economics,Maths,Accounting,Business & Finance
3,4,5,1,4,2,5,2,2,4,5,4,Science,Chemistry,Physics,Maths,Computing & IT
4,4,2,2,3,5,2,3,3,3,4,4,Science,Geography,Computer Science,Physics,Engineering
3,2,1,2,3,5,5,4,3,3,4,4,Commercial,Computer Science,Languages,Literature,"Arts, Design & Communication"
2,2,2,3,5,2,4,3,3,3,2,5,Science,Economics,Literature,History,Law & Political Science
2,2,5,4,3,2,2,2,4,3,4,3,Science,Maths,Chemistry,Biology,Computing & IT
2,2,4,4,4,1,5,3,2,4,2,5,Arts,History,Languages,Geography,Law & Political Science
4,3,3,3,5,5,3,3,4,1,2,4,Commercial,Literature,Languages,Computer Science,"Arts, Design & Communication"
2,2,3,2,4,2,2,4,2,4,3,4,Technical,Maths,History,Geography,Education
5,5,2,2,3,4,1,4,2,2,4,3,Science,Maths,Physics,Chemistry,Engineering
4,4,3,2,2,4,3,4,3,3,3,1,Technical,Technical Drawing,Computer Science,Maths,Engineering
5,4,4,1,1,4,4,3,3,3,4,3,Science,Technical Drawing,Computer Science,Chemistry,Engineering
4,2,3,3,1,3,4,2,4,2,5,2,Science,Physics,Geography,Biology,Agriculture & Environment
1,4,2,4,5,2,4,4,2,3,2,4,Commercial,Languages,Maths,Accounting,Business & Finance
3,3,5,2,3,3,2,2,1,4,4,3,Science,Physics,Chemistry,Maths,Education
2,3,3,2,4,2,3,1,2,5,2,4,Arts,Languages,Maths,Geography,Education
2,1,1,3,3,5,2,4,1,3,3,3,Arts,History,Literature,Computer Science,Law & Political Science
5,4,3,3,2,2,1,3,3,2,4,3,Science,Technical Drawing,Computer Science,Maths,"Arts, Design & Communication"
3,3,2,3,4,3,3,3,2,5,3,4,Science,Maths,Biology,Chemistry,Education
3,3,2,5,4,4,2,3,3,3,2,3,Arts,Maths,Languages,Accounting,Business & Finance
5,4,3,2,3,2,3,2,2,1,5,3,Technical,Chemistry,Maths,Technical Drawing,Engineering
3,2,2,3,4,5,4,4,2,3,2,4,Arts,History,Literature,Computer Science,"Arts, Design & Communication"
2,3,2,3,4,5,3,2,1,2,3,5,Arts,History,Literature,Languages,"Arts, Design & Communication"
4,4,4,1,1,3,2,2,3,3,5,3,Science,Biology,Maths,Chemistry,Health Sciences
3,2,4,2,4,2,5,4,2,4,5,3,Arts,Geography,Languages,Economics,Health Sciences
2,4,3,3,5,2,5,2,2,4,2,4,Commercial,Geography,Maths,Languages,Business & Finance
3,3,5,2,2,3,3,3,4,5,5,4,Science,Biology,Chemistry,Physics,Health Sciences
4,1,3,4,2,5,4,4,4,3,2,5,Arts,Technical Drawing,Computer Science,History,"Arts, Design & Communication"
3,4,4,3,2,3,2,5,2,2,3,2,Science,Computer Science,Maths,Technical Drawing,Computing & IT
2,2,2,3,4,1,5,3,2,3,2,4,Arts,Economics,History,Accounting,Law & Political Science
2,3,1,5,4,1,2,3,2,2,2,3,Commercial,Languages,Physics,Maths,Business & Finance
3,4,4,3,2,3,4,5,2,3,2,3,Science,Technical Drawing,Languages,Maths,Computing & IT
2,4,2,4,4,3,1,3,2,3,3,3,Commercial,Economics,Accounting,Languages,Business & Finance
3,2,3,1,4,5,3,3,2,3,3,5,Technical,Languages,Literature,History,"Arts, Design & Communication"
2,4,3,4,2,1,3,4,1,1,3,3,Technical,Computer Science,Technical Drawing,Physics,Computing & IT
2,4,3,2,3,2,4,3,3,4,2,4,Arts,History,Literature,Economics,Law & Political Science
2,2,2,2,5,4,3,3,4,3,2,5,Science,Literature,Computer Science,History,"Arts, Design & Communication"
4,4,1,3,2,4,3,2,3,1,3,2,Technical,Technical Drawing,Maths,History,Engineering
4,3,3,3,3,2,3,3,5,2,3,3,Technical,Physics,Chemistry,Biology,Agriculture & Environment
1,2,3,3,4,5,3,4,2,3,3,4,Commercial,Languages,Chemistry,Technical Drawing,"Arts, Design & Communication"
2,3,3,2,2,3,2,4,1,3,1,2,Science,Technical Drawing,Maths,History,Business & Finance
2,3,3,3,5,4,3,4,3,1,1,5,Technical,Geography,Languages,History,"Arts, Design & Communication"
1,2,4,2,4,4,3,5,3,4,4,5,Arts,Literature,History,Technical Drawing,"Arts, Design & Communication"
3,4,3,5,5,3,4,5,3,3,2,3,Commercial,Accounting,Maths,Economics,Business & Finance
5,2,3,4,3,3,2,3,5,2,4,4,Science,Physics,History,Biology,Agriculture & Environment
3,3,3,5,4,3,4,3,2,4,1,4,Commercial,Accounting,Maths,Geography,Law & Political Science
3,4,1,5,4,2,3,4,4,3,3,3,Technical,Geography,Maths,Economics,Business & Finance
2,2,2,4,2,3,3,1,4,2,3,4,Arts,Languages,Economics,Chemistry,Agriculture & Environment
5,3,5,1,2,1,2,1,3,4,4,5,Technical,Languages,Accounting,Literature,Education
3,1,2,4,3,3,5,2,3,2,4,3,Arts,Geography,Languages,Literature,Law & Political Science
3,4,4,3,3,4,2,3,2,5,1,4,Arts,Biology,Literature,Languages,Education
2,3,2,2,5,5,3,3,3,2,2,5,Science,Languages,Literature,Computer Science,"Arts, Design & Communication"
5,3,3,2,2,3,4,2,5,2,4,3,Science,Geography,Biology,Chemistry,Agriculture & Environment
3,5,3,3,2,1,2,5,2,2,4,1,Science,Computer Science,Technical Drawing,Chemistry,Engineering
5,4,3,3,3,1,3,3,4,3,4,3,Technical,Physics,Maths,Computer Science,Engineering
1,4,4,3,3,4,4,1,3,4,3,5,Arts,Biology,Geography,Languages,Education
4,3,4,2,2,3,2,1,4,3,4,3,Science,Economics,Geography,Physics,Computing & IT
1,3,3,2,5,3,5,2,2,4,3,5,Science,Languages,Literature,History,Law & Political Science
3,3,4,3,2,2,3,3,3,2,4,2,Technical,Maths,Biology,Chemistry,Health Sciences
3,5,3,4,2,2,2,4,2,2,4,3,Arts,Computer Science,Maths,Physics,Computing & IT
3,2,2,3,5,5,5,4,4,4,2,4,Arts,History,Literature,Technical Drawing,"Arts, Design & Communication"
3,3,5,4,3,1,2,2,3,4,4,3,Science,Maths,Physics,Literature,Health Sciences
2,2,1,4,3,2,4,1,3,3,3,5,Commercial,Geography,Languages,Economics,Law & Political Science
2,3,2,3,5,3,3,2,1,5,3,5,Science,Geography,History,Biology,Education
4,3,3,5,4,2,5,2,1,4,4,3,Science,Maths,Languages,Geography,Business & Finance
2,3,1,4,4,2,3,3,2,2,1,3,Technical,Geography,Maths,Literature,Business & Finance
4,2,2,3,5,3,5,3,2,3,3,4,Arts,Geography,Economics,Languages,Law & Political Science
2,3,5,5,3,3,2,3,3,1,5,3,Science,Chemistry,Physics,Biology,Health Sciences
2,5,1,3,3,3,3,5,4,3,2,3,Science,Maths,Biology,Physics,Computing & IT
2,5,1,5,5,2,3,2,4,2,2,1,Commercial,Economics,Languages,Maths,Business & Finance
2,1,2,3,3,5,3,4,3,3,2,4,Arts,Technical Drawing,Languages,History,"Arts, Design & Communication"
2,4,2,5,5,3,5,2,2,2,2,4,Technical,Languages,Physics,Economics,Business & Finance
3,2,2,2,4,4,3,2,2,2,3,5,Arts,Computer Science,Chemistry,Literature,"Arts, Design & Communication"
3,2,3,3,4,2,4,2,3,3,3,4,Arts,Languages,Chemistry,Literature,Law & Political Science
3,3,4,2,4,5,3,4,1,4,3,4,Arts,History,Literature,Technical Drawing,"Arts, Design & Communication"
4,3,2,3,1,2,3,2,5,2,3,3,Arts,Computer Science,Biology,Physics,Agriculture & Environment
2,4,3,5,4,4,3,2,4,5,4,3,Commercial,Languages,Economics,Technical Drawing,Engineering
5,4,3,2,4,5,2,2,2,5,4,4,Science,Technical Drawing,Physics,Maths,Engineering
4,2,2,4,4,5,2,4,2,1,3,5,Arts,Literature,History,Geography,"Arts, Design & Communication"
2,2,1,4,5,2,4,3,2,4,2,3,Commercial,Maths,Accounting,Languages,Business & Finance
3,5,2,2,3,4,3,5,2,2,5,2,Technical,Computer Science,Technical Drawing,Maths,Engineering
3,4,5,2,1,4,2,2,4,3,4,3,Science,Chemistry,History,Maths,Computing & IT
2,3,4,2,3,3,2,3,2,4,4,4,Arts,Economics,Languages,Literature,Education
3,2,4,3,3,3,3,2,2,4,3,1,Science,Biology,Chemistry,Maths,Health Sciences
4,2,3,1,4,2,4,1,2,4,4,5,Arts,Maths,Chemistry,Literature,Education
2,3,2,2,4,3,3,3,2,2,3,4,Commercial,Technical Drawing,Literature,History,"Arts, Design & Communication"
3,4,1,4,4,2,4,2,2,1,2,2,Science,Economics,Maths,Languages,Business & Finance
4,4,2,2,4,2,2,3,4,3,3,3,Technical,Physics,Geography,Biology,"Arts, Design & Communication"
3,1,3,2,3,3,4,3,2,4,2,4,Arts,Literature,Economics,Geography,"Arts, Design & Communication"
4,2,5,3,2,3,1,2,1,5,4,5,Science,Biology,Chemistry,Maths,Business & Finance
2,4,5,2,3,3,4,2,3,3,3,5,Arts,Languages,Economics,Geography,Law & Political Science
2,2,2,2,4,5,3,4,3,2,2,4,Arts,Chemistry,Technical Drawing,Literature,"Arts, Design & Communication"
5,5,2,2,3,2,2,1,5,3,4,1,Science,Physics,Economics,Chemistry,Agriculture & Environment
3,3,5,3,4,3,2,2,2,4,5,5,Science,Physics,Chemistry,Maths,Health Sciences
3,3,4,3,3,2,3,3,5,3,4,3,Science,Physics,Geography,Biology,Agriculture & Environment
4,2,2,5,2,4,3,4,5,1,4,1,Arts,Physics,Computer Science,Economics,Agriculture & Environment
2,3,3,2,3,4,2,4,2,5,3,5,Science,Geography,Literature,Languages,Education
1,4,5,3,4,3,2,1,2,3,5,3,Science,Chemistry,Geography,Maths,Health Sciences
3,4,3,3,3,5,3,2,2,1,1,5,Arts,Languages,Physics,Computer Science,"Arts, Design & Communication"
5,5,4,2,2,2,3,4,4,3,4,2,Science,Physics,Computer Science,Technical Drawing,Engineering
2,4,3,4,5,4,4,3,3,3,3,1,Commercial,Economics,Physics,Maths,Business & Finance
4,5,3,2,3,3,4,5,4,2,4,3,Science,Economics,Technical Drawing,Physics,Computing & IT
2,3,5,2,1,3,2,3,3,5,3,4,Arts,Literature,Geography,Biology,Education
2,3,4,5,5,3,3,3,2,3,3,3,Commercial,Accounting,Languages,Economics,Business & Finance
5,5,3,4,2,4,3,4,2,1,1,1,Science,Physics,Maths,Technical Drawing,Computing & IT
2,2,5,2,2,2,2,3,2,3,2,4,Science,Languages,History,Geography,Education
5,5,4,2,3,2,2,4,1,2,5,2,Technical,Maths,Physics,Technical Drawing,Engineering
1,4,2,1,4,4,2,2,3,5,2,4,Arts,Languages,Geography,Biology,Education
5,4,3,3,3,5,2,5,3,2,1,3,Science,Technical Drawing,Computer Science,Physics,Computing & IT
3,5,3,4,1,1,3,4,1,3,3,2,Science,Maths,Physics,History,Computing & IT
4,1,4,3,4,2,4,2,2,4,3,4,Arts,Languages,History,Literature,Law & Political Science
3,4,4,5,2,3,2,5,3,4,2,2,Science,Physics,Technical Drawing,Maths,Engineering
4,1,2,2,3,3,3,3,5,3,4,1,Commercial,Chemistry,Geography,Economics,Agriculture & Environment
2,2,4,3,3,2,2,3,3,5,3,3,Science,Languages,Biology,Maths,"Arts, Design & Communication"
3,3,4,4,4,3,1,2,3,4,3,5,Commercial,Literature,Maths,Geography,Education
5,4,2,3,3,2,2,4,1,3,4,3,Technical,Chemistry,Technical Drawing,Physics,Engineering
5,3,4,3,2,4,4,3,3,4,5,2,Technical,Chemistry,Maths,Computer Science,Engineering
2,3,3,3,3,3,5,2,4,3,3,5,Arts,Economics,Geography,History,Law & Political Science
3,3,2,4,5,1,3,4,2,3,4,4,Technical,Accounting,Maths,Computer Science,Business & Finance
3,2,2,5,4,2,4,1,2,2,3,3,Commercial,Languages,Computer Science,Geography,Business & Finance
1,4,2,3,3,5,3,4,5,3,2,5,Arts,Languages,Technical Drawing,Computer Science,"Arts, Design & Communication"
3,4,5,2,2,2,4,2,3,3,5,3,Science,Maths,Chemistry,Biology,Health Sciences
2,3,4,4,4,4,5,2,1,3,3,5,Arts,Economics,Geography,Literature,Engineering
4,2,3,2,3,4,2,5,3,5,3,4,Arts,Maths,Literature,Languages,Education
4,4,3,2,3,3,2,2,3,2,3,5,Science,Chemistry,Physics,Biology,Agriculture & Environment
3,3,3,3,5,3,4,2,2,3,2,3,Commercial,Accounting,Languages,Economics,Computing & IT
3,3,1,4,3,5,3,5,3,4,2,3,Technical,Literature,Computer Science,Technical Drawing,"Arts, Design & Communication"
1,3,2,1,3,5,3,4,3,2,3,5,Arts,Technical Drawing,Accounting,Languages,"Arts, Design & Communication"
3,4,5,3,4,3,2,1,2,4,3,5,Arts,History,Geography,Maths,Education
3,4,1,4,4,2,3,3,3,3,3,2,Commercial,Economics,Accounting,Maths,Business & Finance
2,2,4,2,3,3,1,2,1,5,3,3,Arts,Biology,History,Maths,Education
4,3,2,4,5,2,1,3,4,2,4,3,Science,Biology,Physics,History,Agriculture & Environment
5,5,4,2,4,3,1,4,5,3,5,3,Technical,Maths,Technical Drawing,Chemistry,Engineering
4,3,2,4,1,3,1,4,5,2,4,2,Science,Physics,Economics,Geography,Agriculture & Environment
2,2,3,3,4,2,3,2,2,4,1,4,Commercial,History,Geography,Languages,Education
3,4,3,2,2,4,2,4,3,2,3,2,Technical,Computer Science,Technical Drawing,Maths,Computing & IT
2,4,1,5,4,2,3,2,3,3,3,4,Arts,Geography,Maths,Biology,Business & Finance
2,3,5,4,2,3,3,3,3,5,2,3,Commercial,Accounting,History,Literature,Education
2,4,1,2,5,3,5,2,3,3,2,4,Arts,Geography,History,Literature,Law & Political Science
5,4,3,3,3,4,4,3,3,2,3,3,Technical,Computer Science,Physics,Technical Drawing,Engineering
1,3,5,2,3,2,2,3,2,5,3,3,Commercial,Languages,Biology,History,Education
4,1,2,2,5,4,4,4,2,4,1,4,Science,History,Geography,Literature,Law & Political Science
4,5,3,3,4,3,1,4,2,3,2,4,Science,Geography,Computer Science,Maths,Computing & IT
3,5,3,3,3,5,4,4,3,5,3,5,Science,Physics,Technical Drawing,Computer Science,"Arts, Design & Communication"
2,1,3,4,5,4,2,4,3,2,1,4,Arts,History,Technical Drawing,Literature,"Arts, Design & Communication"
5,4,2,4,3,3,1,4,3,2,2,2,Science,Maths,Physics,Technical Drawing,Computing & IT
4,5,4,4,3,2,2,4,2,2,3,3,Technical,Physics,Maths,Technical Drawing,Computing & IT
4,5,2,3,2,5,3,3,2,2,2,2,Technical,Physics,Technical Drawing,Computer Science,Computing & IT
1,4,1,5,5,2,4,2,3,3,5,4,Arts,Geography,Accounting,Maths,Business & Finance
3,4,2,5,2,3,4,2,2,3,4,3,Commercial,Economics,Geography,Languages,Business & Finance
1,4,1,3,4,1,5,1,1,2,2,5,Commercial,Economics,Accounting,Literature,Law & Political Science
2,3,4,4,4,1,3,2,2,4,2,3,Arts,Maths,Languages,Geography,Health Sciences
5,2,2,3,3,3,2,3,5,2,4,3,Arts,Computer Science,Geography,Biology,Agriculture & Environment
3,4,2,3,2,4,3,4,3,3,1,3,Technical,Maths,Physics,Technical Drawing,Computing & IT
4,4,2,4,4,2,4,3,3,4,1,4,Technical,Accounting,Geography,Languages,Business & Finance
3,3,4,2,2,3,3,2,5,2,5,2,Science,Computer Science,Biology,Geography,Agriculture & Environment
3,5,2,3,3,2,1,5,2,2,2,2,Technical,Technical Drawing,Maths,Computer Science,Computing & IT
4,1,3,2,4,5,4,3,2,2,2,5,Technical,Languages,Literature,Technical Drawing,"Arts, Design & Communication"
2,3,2,2,4,5,3,4,2,3,1,3,Arts,Technical Drawing,Computer Science,Languages,"Arts, Design & Communication"
2,3,2,5,2,4,2,2,5,1,4,3,Science,Literature,Biology,Geography,Agriculture & Environment
2,4,3,3,2,4,2,5,3,2,3,4,Technical,Accounting,Maths,Technical Drawing,"Arts, Design & Communication"
1,2,2,5,5,3,4,2,1,2,2,3,Technical,Economics,Languages,Geography,Business & Finance
3,4,1,4,4,2,3,3,3,3,2,2,Commercial,Maths,Geography,Economics,Business & Finance
4,1,3,3,1,3,3,1,4,4,4,3,Science,Biology,Physics,Economics,Agriculture & Environment
4,2,3,4,4,2,4,3,2,2,3,4,Commercial,Accounting,Geography,Languages,Business & Finance
3,1,5,3,4,2,5,3,3,3,2,5,Arts,History,Languages,Literature,Law & Political Science
1,2,4,3,3,2,2,4,4,4,2,3,Technical,Chemistry,Technical Drawing,Maths,Health Sciences
3,3,3,4,3,4,2,5,2,3,2,2,Technical,Physics,Maths,Technical Drawing,Computing & IT
4,2,3,4,1,2,3,3,5,1,3,3,Science,Geography,Physics,Biology,Agriculture & Environment
3,4,4,1,1,2,4,2,3,4,5,3,Science,Biology,Chemistry,Physics,Health Sciences
5,5,2,4,3,3,2,3,3,2,3,3,Science,Chemistry,Maths,Physics,Computing & IT
2,2,5,4,3,2,2,1,2,3,5,4,Technical,Physics,Biology,Maths,Business & Finance
4,5,2,3,2,4,3,4,1,3,5,3,Science,Computer Science,Chemistry,Physics,Engineering
4,3,2,1,3,2,2,5,4,2,4,4,Science,Maths,Computer Science,Chemistry,Engineering
1,3,3,4,5,4,3,2,2,2,3,2,Commercial,Accounting,Maths,Languages,Business & Finance
2,3,1,2,4,5,2,2,1,2,2,5,Arts,Biology,Languages,Technical Drawing,"Arts, Design & Communication"
2,2,3,5,3,3,2,4,5,4,5,2,Technical,Biology,Physics,Chemistry,Agriculture & Environment
3,2,2,3,5,2,5,2,1,3,2,3,Arts,Literature,Languages,Economics,Law & Political Science
4,4,3,2,4,3,4,3,5,2,4,3,Science,Physics,Economics,Computer Science,Agriculture & Environment
5,4,4,4,2,3,2,5,1,3,4,2,Science,Chemistry,Technical Drawing,Computer Science,Engineering
3,4,5,2,2,4,2,2,2,4,3,3,Science,Chemistry,Physics,Maths,Health Sciences
4,3,1,3,1,4,3,4,2,3,3,3,Science,Languages,Physics,Technical Drawing,Engineering
3,2,1,3,4,4,4,3,3,3,2,3,Arts,History,Languages,Technical Drawing,"Arts, Design & Communication"
2,1,2,3,2,2,3,1,2,4,1,3,Technical,Maths,Languages,Biology,Education
5,4,4,3,3,3,2,4,3,2,2,4,Science,Chemistry,Biology,Physics,Engineering
4,3,2,4,4,3,1,3,5,3,5,3,Science,Biology,Physics,Geography,Agriculture & Environment
4,3,3,3,4,3,2,3,5,2,3,2,Science,Economics,Biology,Physics,Agriculture & Environment
4,3,3,2,3,2,3,3,4,5,2,5,Arts,History,Literature,Geography,Law & Political Science
2,3,3,3,3,1,3,2,3,2,2,4,Commercial,Languages,Maths,Geography,Business & Finance
2,2,2,2,5,5,4,2,3,5,4,4,Arts,Computer Science,Technical Drawing,History,"Arts, Design & Communication"
2,3,1,5,5,1,4,2,5,2,2,2,Commercial,Economics,Languages,Maths,Business & Finance
3,3,4,2,4,3,3,2,3,4,2,5,Science,Biology,Literature,History,Education
3,4,2,5,4,3,4,3,3,3,2,4,Technical,Technical Drawing,Accounting,Economics,Business & Finance
2,4,3,3,5,1,3,3,1,5,3,4,Science,Biology,Geography,History,Education
2,3,4,4,5,1,4,2,2,4,3,3,Science,Languages,Geography,Economics,Business & Finance
2,5,1,3,3,3,3,5,4,3,3,2,Science,Technical Drawing,Maths,Physics,Computing & IT
2,3,2,4,5,2,4,3,4,3,2,5,Commercial,Languages,Biology,Accounting,Business & Finance
3,3,3,1,3,5,4,4,2,3,2,5,Arts,Computer Science,Literature,Languages,"Arts, Design & Communication"
3,3,2,2,3,5,1,4,3,3,2,4,Arts,Computer Science,Literature,Languages,"Arts, Design & Communication"
2,3,5,3,4,2,4,4,2,4,3,3,Science,Maths,History,Geography,Education
2,2,3,2,4,5,2,5,4,4,3,5,Arts,Languages,History,Computer Science,Law & Political Science
5,5,3,3,1,3,2,2,2,1,4,3,Commercial,Physics,Literature,Technical Drawing,Engineering
3,5,3,3,4,4,2,3,3,2,2,2,Science,Technical Drawing,Languages,Computer Science,Computing & IT
5,3,4,4,2,4,3,4,2,2,4,3,Science,Maths,Technical Drawing,Computer Science,Computing & IT
3,3,5,2,4,3,3,4,2,5,3,4,Technical,History,Geography,Languages,Education
2,2,2,3,2,3,3,3,5,2,4,3,Science,Chemistry,Economics,Biology,Agriculture & Environment
5,4,1,2,2,3,2,4,1,4,5,3,Technical,Computer Science,Chemistry,Maths,Engineering
3,2,3,2,5,5,3,3,3,1,3,4,Arts,Technical Drawing,Literature,History,"Arts, Design & Communication"
3,3,4,4,3,3,3,4,2,2,2,4,Commercial,Geography,Maths,Accounting,Business & Finance
3,3,2,3,4,4,4,2,3,3,2,5,Arts,Languages,Literature,History,Law & Political Science
2,4,2,5,5,3,3,2,2,2,1,3,Commercial,Accounting,Languages,Economics,Business & Finance
2,4,3,3,4,5,4,4,3,4,1,5,Commercial,History,Languages,Computer Science,"Arts, Design & Communication"
2,3,3,3,3,2,3,2,5,1,4,2,Technical,Physics,Technical Drawing,Economics,Agriculture & Environment
3,5,3,5,3,2,2,2,5,3,2,3,Commercial,Accounting,Maths,Economics,Business & Finance
2,2,3,2,4,3,5,3,3,3,2,5,Arts,Literature,Economics,Languages,Law & Political Science
4,5,3,2,2,4,4,5,3,2,1,3,Technical,Geography,Maths,Computer Science,Engineering
3,3,1,3,4,2,5,4,1,3,1,5,Arts,History,Economics,Languages,Law & Political Science
4,4,1,2,2,3,1,3,3,2,2,3,Science,Chemistry,Physics,Computer Science,Engineering
5,4,2,3,2,4,3,5,3,1,4,2,Science,Maths,Biology,Chemistry,Engineering
2,3,4,3,1,3,3,1,2,4,5,3,Science,Biology,Maths,Physics,Health Sciences
3,3,3,4,2,2,3,3,4,2,5,4,Arts,Chemistry,Physics,Maths,Health Sciences
3,3,4,2,3,5,3,5,2,3,2,4,Arts,Literature,Computer Science,Maths,"Arts, Design & Communication"
3,4,5,2,3,2,2,1,2,3,5,3,Science,Maths,Chemistry,Physics,Health Sciences
5,3,3,3,2,3,3,4,5,1,4,4,Science,History,Economics,Chemistry,Agriculture & Environment
2,3,2,3,2,5,3,3,4,3,3,4,Arts,History,Literature,Languages,Computing & IT
3,2,3,2,4,5,4,4,3,2,1,4,Arts,Languages,Literature,History,Law & Political Science
3,3,2,3,2,4,2,4,3,3,1,2,Technical,Maths,Computer Science,Physics,Computing & IT
2,3,3,4,2,2,3,3,2,2,5,3,Technical,Computer Science,Technical Drawing,Physics,Engineering
2,3,4,5,5,3,5,2,1,4,2,3,Commercial,Economics,Maths,History,Business & Finance
2,3,3,3,2,4,3,4,3,2,5,5,Arts,Computer Science,Literature,Technical Drawing,"Arts, Design & Communication"
2,3,4,3,2,4,2,3,1,5,4,5,Arts,Maths,History,Languages,Education
2,4,4,3,3,2,4,4,3,3,3,1,Science,Computer Science,Maths,Physics,Computing & IT
2,3,4,3,3,3,2,4,2,3,4,5,Science,Physics,Biology,Chemistry,Health Sciences
3,3,3,3,3,2,2,1,5,3,4,2,Science,Geography,Maths,Economics,Agriculture & Environment
3,4,4,4,2,2,3,2,3,5,3,4,Arts,History,Languages,Maths,Education
3,4,2,4,2,2,3,4,4,2,5,2,Technical,Economics,Biology,Chemistry,Agriculture & Environment
3,2,3,2,5,3,5,2,2,2,4,4,Arts,History,Languages,Economics,Law & Political Science
3,3,3,3,4,3,5,2,1,5,2,5,Arts,Biology,Languages,Literature,Law & Political Science
3,2,4,2,4,2,1,2,5,3,4,2,Science,Chemistry,Economics,Geography,Agriculture & Environment
4,3,5,4,2,1,2,2,3,4,4,4,Science,Physics,Chemistry,Biology,Health Sciences
1,3,2,2,3,2,4,2,1,3,3,5,Technical,Computer Science,Economics,Literature,Law & Political Science
3,3,4,1,3,2,3,2,3,3,2,3,Arts,Geography,Literature,Economics,Law & Political Science
5,4,3,3,2,5,3,4,2,4,4,3,Science,Maths,Chemistry,Technical Drawing,Engineering
4,5,2,2,3,3,3,3,3,3,4,3,Science,Chemistry,Technical Drawing,Computer Science,Engineering
1,3,4,3,4,2,2,2,3,3,3,3,Science,Biology,Languages,History,Education
4,5,2,2,2,4,4,4,3,3,2,3,Technical,Chemistry,Maths,Computer Science,Engineering
5,4,3,3,3,4,2,4,2,1,5,3,Technical,Physics,Chemistry,Technical Drawing,Engineering
3,2,3,4,4,3,5,3,3,2,2,5,Arts,Biology,Literature,History,Law & Political Science
3,1,3,2,1,2,3,4,3,4,3,3,Technical,Chemistry,Geography,Economics,Agriculture & Environment
4,5,5,3,3,1,1,3,3,4,4,4,Science,Biology,Chemistry,Literature,Health Sciences
1,5,2,4,5,2,3,2,4,4,3,4,Commercial,Maths,Geography,Economics,Business & Finance
3,3,2,5,4,3,3,3,2,3,2,2,Arts,Accounting,Languages,Geography,Business & Finance
3,4,1,2,2,3,1,4,2,4,5,3,Technical,Physics,Technical Drawing,Maths,Engineering
2,1,3,3,3,5,3,3,2,3,4,5,Arts,Literature,Computer Science,Languages,"Arts, Design & Communication"
5,5,2,3,3,2,2,3,3,3,4,1,Science,Maths,Technical Drawing,Physics,Engineering
2,3,3,3,3,5,3,3,2,3,3,5,Technical,History,Languages,Economics,"Arts, Design & Communication"
3,4,3,2,4,2,5,3,3,3,3,5,Arts,Languages,Economics,Literature,Law & Political Science
2,4,3,4,5,3,3,2,3,2,1,2,Commercial,Economics,Accounting,Chemistry,Business & Finance
3,3,1,3,3,3,4,2,1,4,2,3,Arts,Literature,History,Languages,"Arts, Design & Communication"
3,4,5,4,3,3,2,2,4,4,4,3,Technical,Biology,Chemistry,Physics,Health Sciences
3,3,1,2,5,5,3,4,3,2,2,4,Commercial,Literature,Technical Drawing,Languages,"Arts, Design & Communication"
3,1,1,2,2,5,3,5,2,3,2,4,Arts,Literature,History,Computer Science,"Arts, Design & Communication"
2,4,3,3,4,5,3,4,2,3,4,5,Commercial,Computer Science,Technical Drawing,History,Business & Finance
5,4,1,2,3,2,3,3,4,3,4,2,Technical,Technical Drawing,Chemistry,Computer Science,Engineering
4,5,2,4,2,4,4,4,3,4,4,1,Technical,Biology,Maths,Chemistry,Engineering
3,5,2,2,3,4,5,5,2,2,4,2,Science,Computer Science,Chemistry,Physics,Engineering
2,3,4,2,4,2,1,3,2,5,2,4,Arts,Maths,Biology,Accounting,Education
4,5,1,1,2,4,3,5,3,1,4,3,Technical,Computer Science,Physics,Chemistry,Engineering
3,1,3,2,3,4,2,2,3,5,1,4,Science,Maths,History,Languages,Education
2,2,1,4,3,3,4,3,2,4,3,4,Arts,History,Languages,Literature,Law & Political Science
1,3,5,3,1,1,3,2,2,4,4,3,Science,Physics,Maths,Biology,"Arts, Design & Communication"
4,3,5,2,3,4,2,3,3,4,5,4,Science,Physics,Economics,Chemistry,Health Sciences
3,2,2,3,5,4,2,4,2,3,2,5,Arts,Computer Science,Literature,History,"Arts, Design & Communication"
5,5,3,2,3,3,2,3,3,2,4,2,Science,Physics,Technical Drawing,Literature,Engineering
4,3,3,3,3,3,4,4,2,5,4,4,Science,Biology,Maths,Physics,Health Sciences
4,4,4,3,2,4,3,4,1,3,4,2,Science,Technical Drawing,Computer Science,Chemistry,Health Sciences
3,3,4,3,2,3,2,2,2,4,5,3,Science,Biology,Physics,Maths,Health Sciences
2,1,3,3,3,4,4,3,3,2,2,5,Commercial,Technical Drawing,History,Literature,"Arts, Design & Communication"
4,3,3,4,3,3,2,4,4,2,4,2,Science,Economics,Chemistry,Geography,Education
3,3,2,1,4,5,2,3,4,1,2,5,Science,Technical Drawing,Physics,History,"Arts, Design & Communication"
3,4,4,2,3,3,2,2,3,5,2,3,Technical,Computer Science,Maths,Literature,Education
2,3,2,4,5,3,5,3,3,2,3,5,Arts,Geography,Languages,Economics,Law & Political Science
3,4,3,4,4,2,3,3,1,2,1,4,Commercial,Languages,Accounting,Maths,Business & Finance
3,3,2,4,5,3,5,3,3,3,3,4,Arts,History,Biology,Literature,Law & Political Science
5,3,2,2,2,3,4,3,5,3,4,3,Science,Technical Drawing,Accounting,Chemistry,Engineering
2,3,3,2,3,3,4,2,3,4,2,5,Technical,Languages,Literature,Chemistry,Law & Political Science
2,4,2,3,2,2,3,4,3,1,2,3,Technical,Physics,Economics,Computer Science,Computing & IT
2,3,1,5,5,4,4,2,4,2,3,3,Commercial,Accounting,Maths,Literature,Business & Finance
3,2,5,4,5,2,3,2,4,3,4,3,Arts,Languages,Geography,Economics,Law & Political Science
4,4,3,3,1,4,4,4,3,4,3,4,Commercial,Technical Drawing,Physics,Maths,Engineering
1,3,5,3,4,4,2,3,3,3,4,3,Science,Physics,Chemistry,Maths,Health Sciences
2,4,5,1,4,3,4,4,2,4,4,3,Science,Biology,Chemistry,Physics,Health Sciences
4,2,2,3,4,3,1,3,5,2,5,3,Arts,Biology,Economics,Geography,Agriculture & Environment
2,2,2,4,5,5,4,3,3,3,3,3,Arts,Literature,Languages,Technical Drawing,"Arts, Design & Communication"
2,2,3,3,2,2,4,3,2,3,2,5,Arts,Geography,Technical Drawing,Literature,Law & Political Science
2,2,3,2,4,3,1,4,3,5,4,3,Arts,Maths,Geography,History,Education
2,4,2,4,3,2,4,2,3,2,2,5,Arts,Economics,Accounting,Languages,Law & Political Science
4,3,3,4,4,4,2,4,2,4,2,4,Arts,Languages,History,Literature,"Arts, Design & Communication"
3,3,4,4,1,2,2,1,4,5,4,4,Science,Physics,Biology,Chemistry,Health Sciences
2,2,3,3,1,4,2,2,1,4,4,3,Technical,Maths,Physics,Chemistry,Health Sciences
2,4,2,3,3,2,2,2,2,2,5,2,Science,Computer Science,Physics,Geography,Education
3,1,3,2,3,5,4,4,1,2,2,4,Commercial,Computer Science,History,Technical Drawing,"Arts, Design & Communication"
3,3,3,4,4,1,3,3,3,5,3,5,Commercial,Biology,Maths,Chemistry,"Arts, Design & Communication"
4,2,2,2,5,2,5,2,1,3,2,4,Arts,Geography,Languages,Economics,Law & Political Science
4,4,2,3,3,5,3,2,1,2,2,4,Commercial,Literature,Languages,History,"Arts, Design & Communication"
2,3,2,3,3,1,4,2,2,3,2,4,Arts,Literature,Economics,History,Law & Political Science
3,3,4,5,2,4,2,5,4,2,2,3,Arts,Computer Science,Physics,Maths,Education
3,2,2,2,3,2,5,3,2,3,2,3,Science,History,Geography,Economics,Law & Political Science
2,2,4,3,2,4,4,4,3,4,3,4,Science,Physics,Biology,Chemistry,Agriculture & Environment
3,4,3,4,5,2,2,3,3,1,3,4,Commercial,Maths,Accounting,Economics,Health Sciences
3,3,4,3,2,2,3,3,2,4,5,4,Science,Computer Science,Biology,Physics,Health Sciences
3,1,2,4,2,4,2,1,5,4,4,1,Science,Biology,Computer Science,Economics,Agriculture & Environment
1,2,3,3,5,5,2,3,2,4,3,4,Commercial,Languages,Computer Science,Literature,"Arts, Design & Communication"
5,4,2,4,4,2,4,5,3,4,3,2,Science,Physics,Technical Drawing,Maths,Computing & IT
2,3,3,2,4,5,3,4,2,2,3,5,Arts,Literature,History,Languages,"Arts, Design & Communication"
5,5,3,2,2,4,2,3,4,1,5,3,Science,Maths,Languages,Technical Drawing,Engineering
2,2,2,3,4,5,4,3,2,1,2,4,Commercial,Computer Science,Literature,Technical Drawing,"Arts, Design & Communication"
3,3,5,3,3,2,3,3,3,4,4,3,Science,Biology,Maths,Physics,Health Sciences
5,4,2,2,4,4,2,3,4,3,5,2,Technical,Maths,Computer Science,Chemistry,Engineering
2,2,4,3,3,2,3,3,3,4,5,5,Science,Biology,History,Languages,Education
3,5,3,4,5,3,3,1,1,3,3,4,Commercial,Economics,Geography,Maths,Business & Finance
4,2,2,3,5,2,5,2,3,3,3,4,Arts,History,Literature,Geography,Law & Political Science
2,4,5,2,1,1,4,2,2,3,5,3,Science,Chemistry,Biology,Maths,Health Sciences
3,2,3,4,3,4,1,1,5,4,4,1,Science,Geography,Chemistry,Biology,Agriculture & Environment
3,3,5,2,2,3,2,3,4,5,3,3,Science,History,Languages,Computer Science,Education
2,3,1,2,5,5,4,5,1,2,3,5,Technical,Technical Drawing,Languages,Biology,"Arts, Design & Communication"
4,4,3,4,1,3,3,4,1,3,5,3,Science,Computer Science,Technical Drawing,Chemistry,Engineering
2,2,3,3,4,5,3,3,2,2,2,4,Commercial,Technical Drawing,Computer Science,Literature,"Arts, Design & Communication"
3,3,2,3,2,3,3,5,2,4,2,3,Science,Maths,Physics,Technical Drawing,Computing & IT
4,5,1,2,3,5,2,4,3,2,4,3,Science,Physics,Maths,Computer Science,Engineering
3,4,4,4,4,3,4,2,3,2,3,4,Arts,Literature,Technical Drawing,History,Law & Political Science
5,3,4,4,4,3,1,2,5,3,4,2,Science,Chemistry,Literature,Biology,Law & Political Science
5,3,3,1,2,2,3,4,2,2,4,2,Science,Biology,Maths,Computer Science,Engineering
3,3,2,2,3,4,4,3,2,3,3,4,Arts,History,Literature,Technical Drawing,"Arts, Design & Communication"
3,3,3,2,3,1,5,1,3,3,2,5,Commercial,Languages,Geography,History,Law & Political Science
2,1,4,4,5,2,4,2,5,2,3,4,Arts,Languages,Biology,History,Law & Political Science
4,3,5,2,3,3,3,2,3,5,3,2,Science,Chemistry,Biology,Maths,Health Sciences
2,3,3,2,3,3,2,2,4,5,3,4,Science,Literature,Geography,Economics,Education
2,4,5,2,3,4,3,2,3,3,4,3,Science,Biology,Chemistry,Physics,Health Sciences
5,4,4,4,2,3,2,4,4,3,4,4,Technical,Technical Drawing,Computer Science,Chemistry,Engineering
5,5,2,2,2,2,2,3,2,2,3,4,Science,Maths,Physics,Chemistry,Engineering
4,5,5,2,2,2,2,1,4,4,4,4,Science,Biology,Physics,Maths,Health Sciences
2,3,1,4,4,2,3,4,4,3,3,4,Arts,Economics,Physics,Languages,Law & Political Science
1,4,4,2,4,1,1,3,2,3,4,3,Science,Chemistry,Biology,Maths,Health Sciences
1,4,2,3,4,4,3,3,3,4,2,3,Arts,Biology,Maths,Languages,Law & Political Science
4,4,2,3,4,1,3,3,2,5,2,5,Commercial,Languages,Literature,Geography,Education
4,4,1,2,2,3,2,5,3,2,4,4,Science,Chemistry,Technical Drawing,Physics,Engineering
5,3,4,4,2,2,3,4,3,2,1,1,Science,Maths,Computer Science,Technical Drawing,Education
3,2,5,3,2,2,2,4,2,4,2,5,Science,Biology,Maths,Geography,Education
3,1,3,3,2,3,1,3,5,3,3,2,Science,Economics,Physics,Biology,Agriculture & Environment
5,4,2,4,2,5,2,4,2,3,4,3,Science,Computer Science,Technical Drawing,Chemistry,Engineering
3,3,3,5,3,1,3,3,4,3,4,3,Science,Biology,Geography,Chemistry,Agriculture & Environment
4,5,2,1,3,4,2,5,2,2,3,1,Technical,Maths,Computer Science,Technical Drawing,Computing & IT
3,3,4,4,2,2,2,2,4,2,4,2,Science,Physics,Languages,Economics,Agriculture & Environment
2,4,4,1,5,2,5,3,2,4,2,5,Science,Accounting,Literature,Economics,Law & Political Science
5,4,1,3,2,4,4,2,2,2,5,1,Science,Technical Drawing,Computer Science,Physics,Engineering
2,2,4,3,3,4,5,2,3,3,2,5,Arts,Languages,Physics,Literature,Law & Political Science
2,3,3,4,3,4,5,4,3,4,2,5,Arts,Geography,Chemistry,Literature,Law & Political Science
2,3,4,2,2,3,3,2,4,5,3,3,Arts,Geography,Biology,Maths,Education
2,4,2,3,5,5,4,3,3,2,3,4,Arts,Literature,Economics,Languages,"Arts, Design & Communication"
5,4,3,2,3,2,2,5,2,3,3,3,Technical,Technical Drawing,Computer Science,Physics,Computing & IT
3,4,5,2,3,2,5,3,2,4,3,5,Commercial,Biology,Languages,Literature,Education
2,4,2,2,3,2,2,3,3,3,4,4,Science,Economics,Geography,Maths,Business & Finance
2,5,1,3,5,3,3,4,3,4,2,3,Commercial,Languages,Accounting,Economics,Business & Finance
2,3,4,5,5,1,4,3,3,3,2,4,Commercial,Languages,History,Maths,Business & Finance
3,2,3,3,4,4,2,3,2,4,2,3,Arts,Computer Science,Languages,Accounting,"Arts, Design & Communication"
3,3,5,3,3,2,2,3,5,3,5,3,Science,Chemistry,Biology,Economics,Agriculture & Environment
3,2,4,3,2,3,3,2,4,2,4,1,Science,Biology,Economics,Physics,Agriculture & Environment
1,4,5,4,1,3,2,1,4,5,4,3,Science,Chemistry,Maths,History,Health Sciences
3,4,4,3,2,2,3,5,3,2,3,2,Technical,Physics,Maths,Technical Drawing,Health Sciences
3,3,4,3,3,2,2,3,4,5,2,5,Science,Biology,Maths,Literature,Education
3,2,4,2,4,3,3,3,3,3,5,2,Commercial,Maths,Physics,Biology,Health Sciences
5,4,3,3,2,2,2,4,3,3,4,3,Technical,Technical Drawing,Computer Science,Maths,Engineering
3,3,4,3,5,3,3,2,4,4,2,4,Science,History,Geography,Biology,Education
3,5,2,5,5,2,3,3,2,2,3,2,Commercial,Accounting,Languages,Maths,Business & Finance
1,3,5,3,3,1,2,2,4,4,5,3,Science,Chemistry,Technical Drawing,Biology,Health Sciences
3,3,2,3,2,3,3,2,4,1,4,2,Science,Chemistry,Geography,Physics,"Arts, Design & Communication"
3,3,2,4,4,3,3,3,1,4,2,4,Science,Maths,Geography,Accounting,Business & Finance
1,3,2,5,5,3,3,2,2,2,2,4,Commercial,Geography,Maths,Accounting,Business & Finance
2,3,4,3,4,1,2,4,1,5,2,4,Arts,History,Literature,Biology,Education
4,2,5,3,2,3,3,2,5,3,4,5,Science,Biology,Chemistry,Economics,Health Sciences
2,2,2,4,5,4,4,5,2,3,1,3,Commercial,Maths,Languages,Economics,Business & Finance
4,1,4,2,3,2,2,3,4,4,5,2,Science,Geography,Physics,Chemistry,Agriculture & Environment
2,2,3,5,5,2,5,5,2,3,3,3,Commercial,Maths,Geography,Technical Drawing,Business & Finance
3,2,2,3,5,2,4,2,2,4,3,5,Arts,Geography,Literature,Chemistry,Law & Political Science
3,5,2,3,3,4,1,4,2,2,4,3,Arts,Maths,Physics,Computer Science,"Arts, Design & Communication"
1,2,2,2,5,5,3,4,3,2,3,3,Science,Literature,Languages,Technical Drawing,"Arts, Design & Communication"
3,2,3,5,2,3,2,1,2,1,4,4,Commercial,Languages,Geography,Accounting,Business & Finance
3,5,4,3,3,3,2,3,3,4,3,2,Science,Biology,Literature,Maths,Health Sciences
4,1,1,3,3,4,2,3,5,4,4,2,Science,Physics,History,Economics,Agriculture & Environment
3,3,2,4,3,3,5,3,2,4,2,5,Arts,Economics,Chemistry,History,Law & Political Science
2,2,5,3,2,3,3,3,4,3,3,2,Science,Biology,Chemistry,Maths,Health Sciences
2,3,3,3,3,2,4,1,3,3,3,5,Arts,Literature,Biology,Languages,Education
4,2,2,3,4,5,4,4,3,1,2,3,Arts,History,Literature,Technical Drawing,"Arts, Design & Communication"
3,3,3,3,3,2,5,4,2,3,3,5,Arts,Literature,Economics,History,Law & Political Science
3,3,4,4,3,3,5,2,2,4,1,3,Commercial,Geography,Economics,Literature,Law & Political Science
3,3,2,3,4,5,3,5,1,4,2,5,Arts,Computer Science,History,Maths,"Arts, Design & Communication"
2,2,5,2,3,2,3,3,2,4,2,3,Arts,History,Literature,Maths,Education
4,2,5,3,2,4,2,2,4,3,5,1,Science,Geography,Biology,Chemistry,Agriculture & Environment
4,3,3,5,3,5,3,3,3,3,4,5,Commercial,Accounting,Economics,Languages,Business & Finance
3,3,3,3,4,3,2,4,3,2,2,4,Science,Biology,Maths,Computer Science,"Arts, Design & Communication"
2,2,4,1,3,5,4,4,2,2,1,5,Arts,Computer Science,History,Languages,"Arts, Design & Communication"
2,2,5,2,2,1,2,2,3,5,2,3,Science,Languages,Literature,Geography,Education
4,3,2,2,3,2,4,2,2,2,2,5,Commercial,Geography,History,Maths,Health Sciences
3,3,5,3,2,2,3,3,3,5,3,4,Science,Maths,Biology,History,Education
2,4,4,1,3,4,2,4,2,4,5,3,Arts,Chemistry,Economics,Biology,Health Sciences
2,3,2,3,5,4,4,1,1,4,3,5,Arts,Languages,Literature,Economics,Law & Political Science
3,4,3,4,4,3,2,3,1,3,4,4,Commercial,Computer Science,Maths,Technical Drawing,Computing & IT
3,3,3,5,3,3,2,4,2,2,2,3,Commercial,Accounting,Geography,Maths,Business & Finance
3,3,4,3,1,2,1,3,1,2,4,4,Science,Biology,Technical Drawing,Chemistry,Health Sciences
4,2,5,4,2,4,5,2,5,3,3,1,Science,Geography,Chemistry,Biology,Agriculture & Environment
3,3,4,2,2,3,3,3,2,4,2,5,Commercial,Maths,Geography,Languages,Agriculture & Environment
2,3,5,4,3,2,3,2,3,3,5,3,Science,Chemistry,Biology,Maths,Health Sciences
4,3,3,5,2,2,3,5,1,2,2,2,Technical,Maths,Physics,Technical Drawing,Computing & IT
2,3,4,2,4,2,5,3,2,4,2,5,Arts,Languages,History,Computer Science,Education
2,4,3,5,3,4,4,4,3,2,1,3,Commercial,Accounting,Economics,Geography,Engineering
4,4,2,3,3,1,2,1,5,2,3,4,Science,Chemistry,Biology,Computer Science,Agriculture & Environment
3,3,5,2,3,3,3,3,3,2,5,4,Science,Chemistry,Biology,Maths,Health Sciences
4,3,3,4,5,2,3,4,2,3,2,3,Commercial,Economics,Physics,Maths,Business & Finance
4,5,3,4,2,3,3,5,2,3,2,4,Arts,Physics,Accounting,Computer Science,Computing & IT
3,2,3,3,3,3,3,3,2,5,2,2,Arts,Maths,Biology,Literature,Education
4,4,4,2,3,3,4,3,3,3,4,1,Science,Computer Science,Technical Drawing,Maths,Engineering
2,4,3,4,5,3,5,2,3,3,3,2,Commercial,Accounting,Languages,Economics,Business & Finance
5,4,1,3,4,3,2,4,3,3,2,2,Science,Physics,Chemistry,Computer Science,Computing & IT
4,3,2,4,3,2,3,3,5,2,5,3,Science,Biology,Physics,Chemistry,Agriculture & Environment
4,3,4,1,3,3,2,3,2,3,4,3,Science,Maths,History,Chemistry,Health Sciences
3,5,2,5,5,3,3,4,2,3,4,3,Commercial,Geography,Languages,Economics,Business & Finance
2,2,2,2,3,5,3,3,3,2,2,5,Arts,Computer Science,Languages,Technical Drawing,"Arts, Design & Communication"
3,4,5,4,2,3,4,3,3,3,1,3,Arts,Physics,Technical Drawing,Computer Science,Computing & IT
4,4,3,3,4,4,2,5,3,3,3,2,Science,Computer Science,Maths,Physics,Computing & IT
3,5,1,5,3,3,2,5,3,3,3,3,Science,Physics,Maths,Technical Drawing,Computing & IT
3,3,2,2,4,5,4,3,2,2,3,3,Arts,Languages,Computer Science,Literature,"Arts, Design & Communication"
2,3,5,1,3,3,2,3,2,5,2,2,Arts,Languages,Maths,Literature,Computing & IT
5,3,2,3,2,1,2,4,3,3,5,3,Science,Physics,Maths,Technical Drawing,Engineering
3,4,1,2,2,4,3,3,3,1,4,2,Science,Physics,Chemistry,Technical Drawing,Engineering
1,2,4,2,1,3,2,2,3,2,4,2,Science,Physics,Chemistry,Maths,Health Sciences
3,2,2,3,2,2,4,3,2,4,1,4,Arts,Maths,Languages,Economics,Law & Political Science
3,2,3,3,5,5,3,3,2,1,3,5,Arts,Literature,Computer Science,Languages,"Arts, Design & Communication"
3,2,5,3,1,2,1,2,2,1,5,3,Science,Maths,Chemistry,Technical Drawing,Health Sciences
5,3,2,3,2,4,4,4,4,3,3,1,Arts,Economics,Chemistry,Accounting,Agriculture & Environment
2,3,3,4,3,3,4,4,2,5,2,5,Commercial,Languages,Biology,History,Education
3,3,5,2,2,3,2,2,3,5,4,2,Science,Economics,Chemistry,Physics,Business & Finance
3,2,2,3,2,1,1,2,4,3,4,1,Arts,Biology,Physics,Chemistry,Agriculture & Environment
3,3,4,2,4,1,3,2,4,4,3,4,Science,Biology,Physics,Maths,Health Sciences
4,4,3,3,3,3,2,5,3,4,3,1,Technical,Physics,Computer Science,Technical Drawing,Computing & IT
3,4,4,2,3,2,2,5,1,3,4,2,Science,Chemistry,Maths,Computer Science,Engineering
3,4,4,2,2,2,2,2,3,4,5,3,Science,Biology,Physics,Chemistry,Health Sciences
1,3,4,4,1,4,2,1,3,4,3,3,Science,Biology,Maths,Physics,Health Sciences
4,5,1,2,2,3,2,4,3,2,5,2,Technical,Technical Drawing,Physics,Computer Science,Engineering
3,3,3,2,3,3,5,2,4,3,3,3,Arts,Geography,Economics,History,Law & Political Science
4,3,2,4,4,2,4,4,2,4,4,4,Arts,Geography,Languages,Technical Drawing,Law & Political Science
2,3,5,3,1,2,2,3,3,4,5,2,Science,Biology,Chemistry,Physics,Health Sciences
2,3,1,2,4,2,4,3,3,2,3,4,Arts,Languages,Geography,Economics,Law & Political Science
1,5,3,2,3,2,1,3,2,5,2,4,Science,Biology,Economics,Languages,Education
5,3,4,2,3,4,3,2,2,4,3,1,Arts,Geography,Maths,Accounting,Education
1,4,2,3,5,3,3,2,1,1,4,3,Commercial,Economics,Languages,Accounting,Business & Finance
3,3,3,3,2,1,2,5,4,2,2,3,Science,Maths,Computer Science,Physics,Computing & IT
2,4,3,5,4,1,4,4,3,2,3,5,Science,Economics,Maths,Chemistry,Business & Finance
3,2,2,2,3,2,4,2,3,4,2,5,Arts,Languages,Literature,Economics,Law & Political Science
4,4,4,3,1,2,2,4,2,2,3,2,Technical,Technical Drawing,Maths,Physics,Computing & IT
2,3,3,3,3,1,3,3,4,5,3,3,Arts,Maths,Languages,Biology,Education
2,3,2,2,1,4,1,2,3,2,5,3,Science,Chemistry,Geography,Physics,Agriculture & Environment
3,4,2,4,5,2,3,2,2,3,2,3,Science,Geography,Accounting,Maths,Business & Finance
4,3,3,3,2,3,2,3,5,4,2,2,Science,Physics,Technical Drawing,Chemistry,Agriculture & Environment
1,2,5,2,2,3,2,3,3,4,5,3,Science,Biology,Literature,Physics,Health Sciences
2,2,4,4,3,2,2,2,5,1,5,2,Science,Economics,Geography,History,Agriculture & Environment
3,1,2,2,5,2,5,3,3,1,3,4,Arts,Languages,Economics,Geography,Law & Political Science
4,4,1,4,2,3,3,5,4,1,2,3,Arts,Maths,Accounting,Technical Drawing,Computing & IT
3,4,3,5,3,4,3,5,4,1,2,2,Technical,Maths,Computer Science,Physics,Health Sciences
3,3,1,2,2,5,5,2,1,3,2,4,Arts,History,Economics,Technical Drawing,"Arts, Design & Communication"
3,2,1,3,3,3,3,2,4,2,5,3,Science,Economics,Biology,Physics,Agriculture & Environment
2,3,5,2,3,3,3,3,2,3,4,4,Science,Physics,Chemistry,Biology,Health Sciences
3,2,3,5,4,2,4,2,2,3,3,5,Arts,Literature,Languages,History,Law & Political Science
3,1,3,3,1,1,2,3,5,3,5,2,Science,Biology,Geography,Physics,Agriculture & Environment
2,3,4,2,3,2,4,2,3,2,4,2,Science,Maths,Biology,Physics,Health Sciences
3,5,1,3,3,4,2,3,3,2,4,1,Science,Literature,Computer Science,Maths,Engineering
2,5,4,3,3,2,3,2,3,3,1,5,Technical,Maths,History,Biology,Education
2,4,2,2,3,2,3,2,4,2,3,3,Arts,Economics,Biology,Chemistry,Agriculture & Environment
3,1,3,1,4,4,3,2,4,1,1,5,Arts,Technical Drawing,Literature,History,"Arts, Design & Communication"
4,3,4,2,2,3,2,3,5,2,3,1,Science,Biology,Computer Science,Geography,Agriculture & Environment
5,4,3,3,2,1,4,2,5,3,3,2,Science,Physics,Economics,Chemistry,Agriculture & Environment
2,3,5,3,3,3,3,3,2,5,3,4,Arts,Accounting,Biology,Maths,Health Sciences
3,4,3,5,5,2,3,2,2,2,3,3,Science,Geography,Languages,Economics,Business & Finance
2,4,2,2,4,1,5,2,3,4,3,3,Science,Economics,Literature,Geography,Law & Political Science
2,4,3,3,2,2,2,5,2,4,1,2,Science,Physics,Maths,Computer Science,"Arts, Design & Communication"
5,4,1,5,3,2,3,3,2,1,4,1,Technical,Technical Drawing,Physics,Chemistry,Engineering
1,4,3,3,4,3,4,3,2,3,3,3,Commercial,Geography,Languages,Economics,Business & Finance
4,4,3,5,2,2,2,5,2,4,3,3,Science,Maths,Technical Drawing,Geography,Computing & IT
2,4,3,2,4,2,2,2,1,5,2,5,Commercial,Biology,Geography,Literature,"Arts, Design & Communication"
4,4,1,3,3,3,1,4,2,3,1,2,Technical,Computer Science,Physics,Technical Drawing,Computing & IT
3,3,4,3,4,1,4,3,2,4,3,5,Arts,Economics,Literature,Geography,Law & Political Science
3,1,4,1,3,3,4,2,2,5,2,5,Science,Literature,Geography,Languages,Education
2,3,3,3,3,2,4,2,3,3,3,5,Arts,History,Geography,Literature,Law & Political Science
2,2,3,1,3,4,3,3,4,2,1,4,Arts,Languages,Computer Science,Accounting,"Arts, Design & Communication"
5,5,2,3,2,4,3,5,2,3,1,1,Science,Physics,Maths,Technical Drawing,Computing & IT
4,3,3,1,2,2,2,2,3,5,3,4,Arts,Geography,Languages,Maths,Education
2,4,3,5,5,2,3,2,2,2,3,3,Commercial,Biology,Languages,Maths,Business & Finance
2,1,3,3,3,1,4,3,3,3,2,5,Arts,Languages,Geography,Literature,Law & Political Science
3,3,4,3,5,3,3,2,3,4,2,3,Arts,Literature,Geography,Biology,Education
3,2,3,2,3,3,2,2,3,5,4,4,Commercial,Languages,Maths,History,Education
1,3,4,3,3,2,1,2,4,4,4,3,Science,Maths,Biology,Physics,Health Sciences
4,4,3,4,3,3,1,4,2,3,2,5,Science,Computer Science,Technical Drawing,Literature,Computing & IT
4,5,2,3,3,3,3,3,4,1,3,4,Science,Physics,Chemistry,Maths,Engineering
3,2,3,5,5,3,2,3,4,2,5,2,Science,Economics,Chemistry,Geography,Agriculture & Environment
3,2,2,4,4,1,3,4,1,4,4,5,Arts,Economics,Geography,Languages,Health Sciences
2,2,4,4,5,2,5,2,1,4,2,4,Arts,History,Literature,Biology,Law & Political Science
2,3,4,1,2,1,3,4,3,3,5,3,Science,Chemistry,Maths,Physics,Computing & IT
2,4,3,4,5,3,2,4,1,2,3,2,Science,Maths,Computer Science,Economics,Business & Finance
3,3,2,5,4,3,3,3,2,3,2,3,Commercial,Geography,Economics,Accounting,Business & Finance
3,2,2,5,5,4,4,2,3,4,2,5,Arts,Languages,History,Biology,"Arts, Design & Communication"
5,4,2,3,3,3,3,5,1,2,2,3,Science,Maths,Physics,Computer Science,Agriculture & Environment
2,2,5,3,2,4,2,3,3,4,4,2,Science,Chemistry,Maths,Physics,Health Sciences
1,4,3,4,2,3,2,2,4,4,3,5,Technical,Languages,Maths,Geography,Law & Political Science
2,4,4,1,4,2,2,3,3,5,2,5,Science,Biology,Maths,Chemistry,Education
1,4,2,3,4,3,2,2,3,4,3,4,Arts,Accounting,Maths,Geography,Business & Finance
3,3,5,4,3,1,3,2,4,4,5,4,Science,Languages,Chemistry,Biology,Health Sciences
2,3,3,2,3,2,3,2,2,5,3,4,Arts,Biology,History,Computer Science,Education
4,3,2,3,1,4,3,4,3,1,4,3,Science,Computer Science,Chemistry,Maths,Engineering
4,5,2,3,1,3,2,5,3,3,2,3,Technical,Computer Science,Maths,Technical Drawing,Computing & IT
1,2,1,2,3,4,3,2,2,4,3,4,Commercial,Biology,Technical Drawing,History,"Arts, Design & Communication"
3,4,3,3,4,2,3,2,2,3,1,5,Commercial,Languages,Geography,History,Business & Finance
3,2,3,5,4,2,3,4,3,4,3,3,Commercial,Economics,Languages,Maths,Business & Finance
2,2,5,1,3,2,5,2,3,4,5,3,Science,Biology,Physics,Maths,Health Sciences
5,5,2,2,2,2,2,3,3,4,4,3,Arts,Chemistry,Technical Drawing,Maths,Engineering
3,3,5,3,3,3,4,2,2,4,3,3,Science,Biology,Economics,Chemistry,Health Sciences
3,2,3,1,5,4,4,3,2,3,2,4,Arts,Literature,History,Chemistry,"Arts, Design & Communication"
5,5,3,2,2,5,2,4,3,1,2,2,Technical,Physics,Computer Science,Maths,Engineering
4,3,5,2,3,3,3,3,1,4,3,3,Science,Chemistry,Maths,Physics,Health Sciences
5,5,1,4,3,2,2,5,4,3,2,4,Science,Technical Drawing,Maths,Physics,Education
3,3,5,3,3,5,2,3,4,5,3,3,Science,Biology,Maths,Chemistry,Health Sciences
3,4,1,2,1,2,5,3,4,4,4,5,Arts,Biology,Literature,Economics,Law & Political Science
3,3,3,4,3,3,4,4,3,2,4,4,Commercial,Languages,Economics,Maths,Law & Political Science
3,4,4,2,4,2,5,4,3,4,4,3,Arts,Economics,History,Maths,Law & Political Science
2,4,3,4,2,5,3,2,5,1,3,2,Technical,Economics,Geography,Maths,Agriculture & Environment
3,2,3,2,5,2,4,3,3,5,2,4,Arts,Literature,History,Chemistry,Computing & IT
4,2,3,2,1,2,2,3,4,2,3,3,Arts,Physics,Literature,Biology,Agriculture & Environment
3,4,5,2,4,2,3,5,3,2,4,5,Science,Economics,Physics,Biology,Health Sciences
2,2,5,2,3,1,4,5,2,5,2,5,Arts,Maths,Chemistry,History,Education
5,3,3,1,2,5,2,3,4,2,5,3,Science,Technical Drawing,Economics,Physics,Engineering
1,4,5,1,2,4,3,3,3,2,5,4,Science,Maths,Physics,Chemistry,Law & Political Science
5,4,2,4,4,3,4,4,3,3,2,2,Science,Computer Science,Maths,Technical Drawing,Computing & IT
3,1,3,4,2,3,3,3,4,2,3,3,Science,Geography,Chemistry,Economics,Agriculture & Environment
3,3,4,3,4,2,3,3,2,5,2,5,Arts,Biology,History,Literature,Education
4,4,3,4,2,4,2,5,3,2,4,3,Commercial,Computer Science,Physics,Technical Drawing,Engineering
3,3,5,3,3,2,1,3,3,2,3,3,Science,Physics,Chemistry,Computer Science,Health Sciences
2,3,1,3,5,2,3,2,2,5,4,5,Arts,History,Literature,Economics,Law & Political Science
2,2,2,3,3,5,4,2,3,1,2,4,Arts,Physics,Literature,Technical Drawing,"Arts, Design & Communication"
2,3,2,4,4,3,2,5,3,3,2,3,Technical,Computer Science,Technical Drawing,Physics,Business & Finance
2,2,2,3,2,2,4,2,3,5,3,3,Commercial,Languages,Geography,History,Law & Political Science
4,4,3,3,3,3,1,4,4,3,3,4,Technical,Geography,Computer Science,Physics,Computing & IT
3,5,3,5,4,3,4,2,3,1,3,3,Science,Languages,Maths,Economics,Business & Finance
1,2,3,4,5,2,4,2,3,2,2,4,Arts,History,Economics,Literature,Law & Political Science
3,3,3,5,5,2,3,4,1,2,4,4,Arts,Languages,Geography,Maths,Business & Finance
3,2,3,3,3,3,2,1,4,4,5,3,Science,Chemistry,Geography,Economics,Agriculture & Environment
2,4,5,4,3,2,3,2,2,5,5,4,Science,Chemistry,Accounting,Maths,Health Sciences
4,1,2,2,3,1,4,3,4,3,3,2,Arts,Biology,Chemistry,Physics,Education
5,5,2,3,3,2,3,3,1,3,4,3,Science,Computer Science,Geography,Physics,Engineering
2,3,4,3,3,5,3,4,4,3,2,3,Commercial,Technical Drawing,Literature,Languages,"Arts, Design & Communication"
4,5,2,3,2,4,3,3,2,2,3,2,Technical,Chemistry,Physics,Maths,Engineering
4,2,3,4,5,3,4,3,4,4,3,3,Commercial,Geography,Economics,Accounting,Business & Finance
3,4,2,3,5,5,3,4,3,4,3,5,Science,History,Literature,Languages,"Arts, Design & Communication"
1,3,2,2,2,3,3,4,2,5,2,3,Arts,Biology,History,Literature,Education
4,4,4,3,2,2,2,4,4,4,1,2,Science,Physics,Technical Drawing,Maths,Computing & IT
2,5,5,3,2,1,2,2,2,4,5,4,Science,Physics,Chemistry,Biology,Health Sciences
5,5,2,3,3,2,2,4,4,1,5,2,Commercial,Computer Science,Maths,Physics,Engineering
3,3,4,3,2,2,3,2,3,2,5,3,Science,Chemistry,Biology,Physics,Agriculture & Environment
2,2,1,3,1,4,2,4,1,3,3,3,Arts,History,Technical Drawing,Biology,"Arts, Design & Communication"
5,5,2,3,2,3,3,5,2,4,3,3,Science,Technical Drawing,Maths,Physics,Computing & IT
2,3,1,4,3,4,2,5,3,2,1,4,Science,Physics,Technical Drawing,Maths,Computing & IT
5,4,2,4,2,4,2,5,2,2,5,2,Arts,Maths,Physics,Technical Drawing,Engineering
5,5,5,2,3,1,3,4,4,2,1,2,Science,Computer Science,Maths,Physics,Computing & IT
3,2,2,4,3,3,2,3,5,3,4,2,Commercial,Chemistry,Physics,Biology,Agriculture & Environment
4,2,4,3,2,2,3,1,4,3,5,1,Science,Physics,Biology,Languages,Agriculture & Environment
5,4,3,2,1,3,2,5,2,3,5,2,Science,Physics,Maths,Technical Drawing,Engineering
3,1,3,4,5,3,5,3,2,3,2,5,Arts,Economics,Literature,History,Law & Political Science
2,4,5,2,2,2,3,3,4,4,2,5,Arts,Biology,Economics,History,Education
2,2,4,3,3,1,5,2,2,4,1,5,Arts,Economics,Literature,History,Law & Political Science
3,3,5,3,3,4,3,3,2,5,4,2,Science,Chemistry,Physics,Maths,Health Sciences
4,3,3,5,4,3,2,5,3,2,2,3,Commercial,Languages,Geography,History,Business & Finance
4,4,2,4,3,4,4,5,2,3,4,1,Technical,Physics,Technical Drawing,Computer Science,Computing & IT
3,2,4,3,4,3,2,2,5,2,3,3,Arts,Technical Drawing,Physics,Biology,Agriculture & Environment
2,3,5,2,2,3,3,2,2,5,2,4,Science,Maths,Biology,Computer Science,Education
3,2,4,3,3,2,1,4,5,3,3,2,Science,Physics,Economics,Chemistry,Agriculture & Environment
2,4,2,5,5,3,3,2,3,3,2,2,Commercial,Economics,Languages,Accounting,Business & Finance
5,5,5,3,1,3,2,5,3,2,2,3,Technical,Maths,Technical Drawing,Physics,Computing & IT
2,3,4,4,5,2,3,3,3,2,3,3,Commercial,Geography,Economics,Languages,Agriculture & Environment
2,5,2,5,3,2,3,2,2,2,2,4,Commercial,Geography,Accounting,Maths,Business & Finance
4,4,3,3,2,2,3,1,4,3,4,2,Science,Geography,Biology,Chemistry,"Arts, Design & Communication"
4,4,2,2,3,2,2,4,2,4,3,2,Technical,Maths,Technical Drawing,Languages,Engineering
2,3,4,3,3,3,2,3,4,2,4,3,Arts,Economics,Biology,Physics,Agriculture & Environment
5,5,3,4,3,3,3,2,2,4,4,1,Technical,Maths,Chemistry,Computer Science,Engineering
3,3,2,3,5,2,5,1,1,4,4,3,Science,Economics,Computer Science,Languages,Law & Political Science
3,4,5,3,2,2,3,1,2,5,4,2,Science,Biology,Chemistry,Maths,Health Sciences
3,2,2,2,1,2,1,2,5,1,5,4,Science,Literature,Geography,Chemistry,Agriculture & Environment
3,4,5,2,2,2,2,2,3,5,4,3,Science,History,Chemistry,Physics,Agriculture & Environment
4,4,5,4,2,4,2,2,2,3,5,3,Science,Maths,Biology,Chemistry,Health Sciences
3,3,4,2,2,3,2,2,3,4,5,4,Science,Biology,Physics,Technical Drawing,Health Sciences
3,4,2,1,4,3,3,1,2,5,5,5,Arts,Maths,History,Literature,Education
3,5,3,4,3,2,3,4,3,2,4,3,Science,Physics,Computer Science,Technical Drawing,Computing & IT
2,1,2,4,3,1,5,1,3,3,3,3,Arts,Geography,Literature,Languages,Law & Political Science
3,2,5,2,3,2,3,3,2,5,3,3,Commercial,History,Biology,Literature,Education
2,1,2,3,4,2,5,3,3,3,5,5,Arts,Literature,Geography,History,Law & Political Science
3,5,3,2,3,4,2,5,3,2,5,3,Science,Physics,Biology,Chemistry,Health Sciences
3,3,3,3,3,2,2,2,5,2,5,3,Science,Geography,Chemistry,Biology,Agriculture & Environment
3,4,4,3,3,3,2,3,2,4,2,4,Science,Maths,Chemistry,History,"Arts, Design & Communication"
2,4,5,2,4,3,2,2,2,3,3,3,Science,Chemistry,Languages,Biology,Health Sciences
2,5,5,2,2,3,3,4,3,4,5,5,Science,Chemistry,Maths,Literature,Health Sciences
5,4,4,2,2,4,2,3,2,2,5,1,Technical,Computer Science,Maths,Physics,Engineering
3,4,3,3,1,1,2,5,1,2,2,4,Technical,Physics,Maths,Technical Drawing,Computing & IT
3,3,3,3,5,2,5,3,3,4,1,3,Arts,Literature,Computer Science,History,Law & Political Science
2,3,2,4,2,3,4,4,2,2,1,3,Arts,Languages,Economics,Maths,Business & Finance
4,4,2,2,2,2,3,2,5,3,5,2,Science,Geography,Economics,Physics,Computing & IT
2,4,3,5,2,3,2,4,3,3,3,2,Science,Physics,Computer Science,Technical Drawing,Computing & IT
3,2,2,3,4,2,2,3,5,3,5,3,Commercial,Physics,Geography,Chemistry,Education
3,4,3,3,4,2,4,4,3,3,3,2,Science,Computer Science,Maths,Physics,Computing & IT
2,4,4,3,2,1,3,1,1,4,5,3,Science,Maths,Physics,Biology,Health Sciences
4,5,3,2,2,4,3,2,2,2,4,3,Science,Physics,Chemistry,Computer Science,Engineering
3,2,3,3,4,2,5,4,2,3,2,5,Arts,Languages,History,Literature,Law & Political Science
5,3,1,3,2,1,3,5,3,2,1,2,Technical,Technical Drawing,Chemistry,Maths,Computing & IT
3,3,3,5,2,2,3,3,5,3,4,2,Science,Chemistry,Physics,Biology,Agriculture & Environment
4,5,2,5,1,4,3,4,4,2,3,3,Technical,Maths,Technical Drawing,Physics,Education
2,5,3,4,2,3,2,4,3,2,3,5,Science,Physics,Computer Science,Accounting,Computing & IT
4,2,4,2,5,4,3,3,3,2,2,3,Commercial,Computer Science,History,Geography,Agriculture & Environment
2,2,3,2,3,5,4,2,2,3,4,4,Commercial,History,Languages,Literature,"Arts, Design & Communication"
3,3,3,3,3,2,4,3,3,3,2,2,Commercial,Geography,Maths,Accounting,Business & Finance
4,4,4,3,2,2,2,2,2,5,2,4,Commercial,Maths,Geography,Biology,Education
2,2,2,2,4,4,4,2,3,3,3,5,Arts,Literature,Languages,Computer Science,Health Sciences
3,4,4,1,2,3,1,1,3,4,5,2,Arts,Physics,Languages,Maths,Health Sciences
5,5,4,4,2,4,2,5,3,2,3,3,Science,Physics,Maths,Technical Drawing,Computing & IT
2,2,2,3,4,3,5,4,4,4,4,4,Commercial,Geography,History,Languages,Law & Political Science
1,3,3,3,3,5,3,2,4,2,4,4,Arts,Technical Drawing,Languages,Computer Science,Law & Political Science
3,1,5,1,3,2,4,2,3,5,1,5,Arts,Literature,Technical Drawing,Languages,Business & Finance
4,2,2,3,2,5,5,4,3,2,2,5,Arts,History,Languages,Computer Science,"Arts, Design & Communication"
2,2,2,2,5,4,3,2,2,3,3,5,Technical,Languages,Technical Drawing,Accounting,Law & Political Science
3,3,3,2,4,2,4,3,3,3,2,4,Arts,Languages,Geography,Economics,Agriculture & Environment
3,1,4,2,4,2,3,3,1,5,2,5,Arts,Economics,Geography,Maths,Education
5,5,2,4,4,3,3,4,3,2,4,3,Science,Computer Science,Maths,Chemistry,Engineering
2,3,1,3,5,2,4,3,3,3,3,5,Arts,Geography,Languages,History,Law & Political Science
2,3,3,3,5,2,4,3,1,2,2,4,Arts,Literature,Geography,Biology,Law & Political Science
3,3,3,3,4,3,4,4,3,2,2,3,Arts,Economics,Languages,History,Law & Political Science
4,4,3,3,3,3,3,2,3,4,3,2,Science,Computer Science,Maths,Physics,Engineering
3,1,2,4,5,3,5,2,3,3,2,4,Arts,History,Economics,Literature,Law & Political Science
5,3,2,5,4,3,4,2,2,2,2,4,Arts,Accounting,Geography,Economics,Business & Finance
3,1,2,3,2,2,2,3,5,1,4,1,Science,Economics,Physics,Chemistry,Agriculture & Environment
3,2,5,1,2,3,3,3,3,3,3,4,Science,Chemistry,Physics,Maths,Computing & IT
3,4,5,3,3,3,3,3,3,4,3,4,Science,Geography,History,Literature,Education
4,4,4,3,2,3,3,5,2,2,2,2,Science,Computer Science,Physics,Accounting,Computing & IT
5,5,3,4,1,3,2,4,3,2,4,2,Science,Technical Drawing,Maths,Computer Science,Engineering
3,3,1,2,3,5,2,4,2,3,2,3,Science,Languages,Literature,Computer Science,"Arts, Design & Communication"
3,5,4,2,3,3,1,3,4,4,2,4,Science,Chemistry,Maths,Physics,Health Sciences
3,1,2,2,5,3,5,4,3,4,1,4,Arts,Geography,History,Economics,Law & Political Science
2,2,2,4,5,2,4,4,3,2,3,2,Science,Accounting,Languages,Economics,Business & Finance
4,5,3,2,2,2,4,2,5,3,5,3,Commercial,Biology,Geography,Physics,Agriculture & Environment
3,3,2,3,4,2,5,2,3,3,2,3,Commercial,Geography,Literature,Languages,Law & Political Science
2,2,3,3,5,2,3,5,2,5,4,5,Commercial,Languages,Literature,History,Business & Finance
3,2,4,3,3,1,3,3,5,1,3,3,Science,Biology,Physics,Literature,Agriculture & Environment
3,2,2,3,3,5,3,5,1,3,3,3,Arts,Literature,Languages,Accounting,"Arts, Design & Communication"
2,1,3,3,4,2,4,2,2,3,2,4,Arts,Languages,History,Economics,Law & Political Science
3,2,3,3,3,3,2,5,2,4,2,3,Arts,History,Literature,Technical Drawing,"Arts, Design & Communication"
3,4,4,2,3,3,2,3,2,4,5,3,Technical,Physics,Chemistry,Maths,Computing & IT
1,4,3,2,1,3,5,3,1,3,4,2,Science,Physics,Literature,Computer Science,Computing & IT
4,5,3,4,2,2,2,5,1,4,3,2,Science,Maths,Physics,Technical Drawing,Computing & IT
5,4,2,1,2,2,2,3,2,2,4,1,Science,Chemistry,Maths,Computer Science,Engineering
3,4,3,4,4,5,2,3,4,2,4,3,Commercial,Geography,Languages,Accounting,Business & Finance
2,4,1,5,2,3,3,4,2,3,3,3,Science,Technical Drawing,Computer Science,Maths,Computing & IT
3,4,2,2,4,4,4,4,4,3,4,2,Science,Technical Drawing,Chemistry,Computer Science,Engineering
2,3,5,3,2,2,3,3,2,4,3,5,Arts,Literature,Biology,Languages,Education
3,3,3,4,3,1,3,2,2,5,2,4,Arts,Geography,Maths,Biology,Education
4,4,4,4,3,3,1,4,3,5,2,5,Science,Maths,History,Geography,Education
5,4,3,2,3,1,1,4,3,2,4,3,Science,Technical Drawing,Maths,Computer Science,Engineering
3,3,3,3,4,3,4,2,2,5,3,4,Arts,Maths,Languages,Geography,Education
2,3,5,2,3,2,5,3,3,5,3,5,Science,Languages,Geography,Biology,Education
2,2,1,3,4,5,4,3,3,1,3,4,Arts,Literature,Languages,Technical Drawing,"Arts, Design & Communication"
1,4,2,3,4,5,2,4,3,3,2,4,Technical,History,Computer Science,Literature,"Arts, Design & Communication"
4,4,4,3,4,3,1,2,1,5,1,4,Arts,Economics,History,Maths,Engineering
2,4,5,2,3,4,4,3,1,2,5,2,Science,Physics,Maths,Chemistry,Health Sciences
3,3,2,1,3,4,4,3,2,2,2,5,Technical,Computer Science,Languages,Literature,"Arts, Design & Communication"
3,1,5,2,4,1,1,3,2,4,4,5,Science,Literature,Economics,Biology,Engineering
2,5,3,4,3,4,2,5,2,2,2,3,Science,Physics,Computer Science,Languages,Computing & IT
3,5,3,3,3,2,3,3,4,2,4,2,Technical,Technical Drawing,Physics,Chemistry,Engineering
2,4,5,2,3,2,3,3,3,5,2,3,Technical,Economics,Languages,Literature,Education
5,4,3,2,3,2,2,4,2,2,5,2,Technical,Technical Drawing,Maths,Physics,Engineering
4,3,4,2,2,2,4,3,3,3,3,2,Science,Biology,Physics,Accounting,Health Sciences
3,4,1,5,4,2,2,3,2,3,2,2,Commercial,Maths,Accounting,Geography,Business & Finance
3,4,3,4,2,3,3,4,4,3,3,3,Science,Physics,Maths,Technical Drawing,Computing & IT
2,3,3,3,2,3,3,3,4,1,5,3,Commercial,Biology,Physics,Chemistry,Agriculture & Environment
4,2,3,1,4,3,4,2,2,3,3,5,Arts,Computer Science,Maths,Languages,"Arts, Design & Communication"
1,3,3,3,3,4,4,2,3,2,2,5,Arts,History,Literature,Languages,"Arts, Design & Communication"
3,4,3,5,1,4,2,5,2,2,3,5,Science,Maths,Computer Science,Physics,Computing & IT
5,3,4,4,3,5,3,5,2,4,3,2,Science,Physics,Maths,History,Computing & IT
3,4,2,5,4,2,1,3,2,3,3,4,Commercial,Economics,Maths,Geography,Computing & IT
5,5,3,3,1,4,3,3,3,3,5,2,Science,Computer Science,Maths,Physics,Engineering
5,5,2,3,2,4,2,5,2,2,5,1,Science,Physics,Maths,Economics,Engineering
4,3,3,3,5,2,2,2,1,4,3,4,Arts,Geography,Languages,Literature,Education
2,3,5,1,3,3,2,2,1,5,2,4,Arts,Biology,History,Literature,Education
5,3,1,4,2,4,4,2,3,3,5,1,Science,Economics,Technical Drawing,Maths,Engineering
4,5,2,5,5,3,3,2,4,3,3,2,Arts,Economics,Maths,Accounting,Business & Finance
4,4,4,3,1,4,1,5,4,3,3,4,Science,Computer Science,Physics,Maths,Computing & IT
5,3,4,3,2,3,2,2,1,4,5,2,Technical,Maths,Literature,Computer Science,Engineering
2,3,4,5,3,3,3,2,3,5,3,5,Arts,History,Literature,Maths,Education
1,4,4,3,4,5,3,3,3,3,4,5,Arts,Computer Science,Literature,History,"Arts, Design & Communication"
3,5,4,2,2,4,4,3,1,3,5,3,Technical,Technical Drawing,Physics,Biology,Engineering
5,2,3,1,4,2,3,2,3,2,5,3,Science,Chemistry,Geography,Biology,Education
2,4,4,4,5,4,4,4,3,2,2,3,Commercial,Geography,Languages,Maths,Business & Finance
4,3,3,5,4,3,4,3,2,4,3,3,Science,Accounting,Languages,Geography,"Arts, Design & Communication"
3,4,5,4,4,3,3,3,4,4,4,4,Arts,Maths,Geography,Literature,Education
2,3,4,3,2,3,4,2,3,5,4,4,Science,Biology,Physics,Maths,Health Sciences
2,2,3,3,3,3,2,3,1,2,2,4,Arts,Computer Science,Technical Drawing,Languages,"Arts, Design & Communication"
2,2,5,3,2,2,5,3,3,2,4,3,Arts,Maths,Biology,Chemistry,Health Sciences
3,2,5,4,3,2,2,2,3,4,5,3,Science,Geography,Physics,Chemistry,Health Sciences
4,4,2,2,2,4,2,5,3,3,2,3,Science,Physics,Maths,Technical Drawing,Computing & IT
3,3,3,3,3,3,1,3,4,2,5,2,Science,Geography,Physics,Economics,Agriculture & Environment
3,3,3,1,3,2,4,3,2,3,3,4,Science,Literature,Languages,Geography,Education
5,3,2,3,4,2,3,5,2,3,3,2,Science,Computer Science,Physics,Technical Drawing,Engineering
2,2,2,1,4,5,4,4,3,1,2,4,Arts,Technical Drawing,Literature,Computer Science,"Arts, Design & Communication"
4,2,2,3,5,2,4,2,2,3,2,4,Arts,Languages,Technical Drawing,Economics,Agriculture & Environment
3,2,3,3,4,3,4,3,3,3,2,3,Arts,Economics,Geography,Literature,Law & Political Science
4,4,5,2,3,3,2,3,2,3,4,3,Science,Maths,Physics,Biology,Health Sciences
1,4,5,3,4,3,3,2,1,5,3,3,Arts,Languages,Biology,Geography,Business & Finance
2,4,2,1,4,3,3,5,3,2,2,5,Science,Computer Science,Technical Drawing,History,"Arts, Design & Communication"
3,1,3,4,4,5,4,4,3,1,1,5,Science,Computer Science,History,Literature,Computing & IT
1,3,3,3,3,2,2,2,2,4,3,4,Commercial,Maths,History,Languages,Education
2,3,2,5,5,1,3,2,1,3,2,5,Commercial,Languages,Geography,Economics,Business & Finance
3,2,2,3,4,5,2,4,3,2,2,4,Technical,Languages,Technical Drawing,Computer Science,"Arts, Design & Communication"
2,4,3,4,4,3,3,2,4,2,1,2,Commercial,Economics,Maths,Languages,Business & Finance
3,3,1,5,4,2,4,2,1,1,2,5,Arts,Economics,Geography,Maths,Business & Finance
4,3,3,4,3,5,3,4,2,1,2,2,Science,Maths,Computer Science,Technical Drawing,Computing & IT
3,3,3,2,5,5,3,4,3,2,3,5,Arts,Languages,Computer Science,Technical Drawing,"Arts, Design & Communication"
3,4,2,4,4,3,2,3,2,3,3,2,Arts,Accounting,Economics,Maths,Business & Finance
2,1,3,2,4,5,3,4,1,2,3,3,Commercial,Languages,Literature,Computer Science,"Arts, Design & Communication"
3,4,2,4,3,2,5,2,3,3,1,5,Arts,Literature,Economics,History,Law & Political Science
3,4,5,1,2,2,2,3,4,5,4,3,Science,Maths,Geography,Chemistry,Health Sciences
3,3,4,4,2,3,2,2,4,2,3,1,Science,Physics,Chemistry,Economics,Agriculture & Environment
2,2,1,2,4,2,4,3,1,3,2,5,Arts,Geography,Economics,Maths,Law & Political Science
3,2,4,4,3,2,3,2,5,4,3,2,Science,Chemistry,Physics,Economics,Education
3,3,3,2,3,2,1,1,2,5,2,3,Arts,Biology,Maths,Geography,Education
2,3,4,3,4,5,4,3,3,2,2,3,Arts,History,Technical Drawing,Literature,"Arts, Design & Communication"
3,4,4,3,2,2,2,2,2,3,5,4,Science,Biology,Physics,Maths,Health Sciences
2,4,5,2,2,3,3,3,2,4,4,5,Science,Biology,Physics,Chemistry,Health Sciences
1,1,4,3,4,5,4,4,1,1,1,4,Commercial,Technical Drawing,Economics,Literature,"Arts, Design & Communication"
5,5,3,3,1,2,3,4,4,3,3,2,Technical,Chemistry,Technical Drawing,Maths,Engineering
3,3,5,3,1,2,2,3,2,5,3,3,Science,History,Literature,Geography,Computing & IT
4,4,3,2,2,2,3,5,2,4,1,1,Technical,Maths,Technical Drawing,Physics,Computing & IT
3,3,4,2,3,5,2,3,2,3,2,5,Commercial,Computer Science,History,Technical Drawing,"Arts, Design & Communication"
3,3,2,4,5,3,4,1,1,2,4,3,Science,Economics,Biology,Languages,Business & Finance
3,4,1,5,5,3,3,3,3,2,4,3,Commercial,Maths,Languages,Economics,Business & Finance
4,3,1,3,4,3,5,3,3,4,2,3,Technical,Chemistry,Geography,Literature,Law & Political Science
2,3,4,3,4,2,2,4,3,5,3,5,Science,Biology,History,Literature,Agriculture & Environment
3,3,3,2,3,5,5,3,3,3,2,5,Arts,Maths,History,Literature,"Arts, Design & Communication"
3,5,3,3,1,3,3,4,4,4,4,3,Technical,Maths,Technical Drawing,Computer Science,Agriculture & Environment
3,4,2,3,4,2,3,3,2,4,2,1,Commercial,Geography,Accounting,Computer Science,Business & Finance
2,2,5,3,3,2,2,3,3,4,2,4,Commercial,Biology,Languages,History,Education
4,3,3,3,3,1,3,3,2,5,2,3,Arts,Maths,Languages,Biology,Education
5,5,3,3,3,3,1,3,2,2,3,3,Science,Physics,Computer Science,Technical Drawing,Engineering
3,4,4,3,4,5,4,5,4,3,3,4,Arts,Technical Drawing,Computer Science,History,"Arts, Design & Communication"
5,3,3,3,1,3,3,4,2,1,5,2,Science,Computer Science,Technical Drawing,Chemistry,Engineering
4,2,4,4,2,5,3,2,3,2,4,3,Science,Economics,Chemistry,Maths,Business & Finance
2,3,5,3,2,3,4,4,2,5,5,2,Commercial,Physics,Economics,Biology,Health Sciences
2,5,3,3,3,3,3,4,2,3,1,2,Commercial,Physics,Computer Science,Technical Drawing,Agriculture & Environment
5,5,3,5,2,3,4,5,3,2,3,1,Arts,Computer Science,Maths,Technical Drawing,Computing & IT
4,3,2,3,2,2,3,2,4,3,5,2,Science,Physics,Biology,Chemistry,Agriculture & Environment
2,4,4,2,2,3,2,2,4,5,3,5,Science,Biology,Technical Drawing,Maths,Education
2,1,3,1,5,5,2,5,2,2,1,4,Arts,Computer Science,History,Literature,"Arts, Design & Communication"
2,2,2,1,4,5,2,4,3,3,3,5,Commercial,Literature,Computer Science,Maths,"Arts, Design & Communication"
2,2,3,5,5,2,3,1,2,1,3,3,Commercial,Economics,Literature,Maths,Business & Finance
2,2,3,3,3,4,5,2,3,4,2,4,Commercial,History,Technical Drawing,Literature,Agriculture & Environment
3,3,3,5,4,3,2,3,2,3,2,4,Commercial,Chemistry,Geography,Economics,Business & Finance
3,2,1,3,4,3,4,3,3,3,3,3,Arts,History,Languages,Geography,Business & Finance
2,3,2,4,4,3,4,3,3,4,3,4,Science,Languages,History,Physics,Law & Political Science
3,4,3,3,3,3,4,4,2,2,3,2,Technical,Maths,Physics,Computer Science,Computing & IT
3,4,3,3,4,5,3,3,3,3,2,5,Science,Computer Science,Technical Drawing,History,"Arts, Design & Communication"
3,3,4,1,4,3,3,3,3,4,3,4,Science,Chemistry,History,Geography,Education
2,4,3,2,3,2,1,3,4,3,4,3,Science,Physics,Chemistry,Biology,Health Sciences
3,5,1,2,3,3,2,3,3,2,4,3,Science,Biology,Maths,Chemistry,Engineering
3,3,2,5,5,2,4,2,3,3,1,3,Commercial,Geography,Maths,Accounting,Business & Finance
5,2,3,3,3,3,3,4,5,2,4,1,Arts,Physics,Geography,Biology,Agriculture & Environment
4,3,1,5,2,3,1,5,2,1,4,4,Technical,Computer Science,Maths,Physics,Computing & IT
1,5,1,5,3,2,4,2,3,2,3,4,Commercial,Geography,Economics,Maths,Business & Finance
1,3,3,3,5,3,4,2,3,2,3,3,Arts,History,Literature,Geography,Law & Political Science
3,5,4,3,4,3,3,2,4,3,4,3,Technical,Chemistry,Maths,Physics,Health Sciences
2,4,4,3,3,4,5,3,4,3,1,4,Arts,Maths,Geography,Languages,Law & Political Science
5,3,4,2,4,3,3,5,3,2,5,3,Science,Maths,Physics,Computer Science,Engineering
2,4,5,3,2,2,3,2,3,3,4,2,Science,Physics,Maths,Biology,Health Sciences
4,4,2,3,5,3,4,3,2,2,1,3,Commercial,Geography,Languages,Accounting,Business & Finance
4,1,3,2,3,3,2,1,5,2,4,2,Science,Chemistry,Geography,Biology,Business & Finance
1,2,3,3,2,2,4,3,3,2,1,4,Science,Technical Drawing,Geography,Literature,Law & Political Science
4,4,2,3,2,4,1,3,3,4,4,2,Science,Maths,History,Technical Drawing,Engineering
2,3,2,3,1,5,3,5,1,2,1,4,Arts,Technical Drawing,Languages,History,"Arts, Design & Communication"
2,3,3,4,5,3,5,2,3,3,2,4,Arts,Economics,Literature,Geography,Law & Political Science
3,4,3,4,4,4,2,4,2,1,2,5,Arts,Languages,Literature,History,"Arts, Design & Communication"
2,3,5,1,3,3,2,2,2,4,3,5,Science,Biology,Maths,Chemistry,Business & Finance
1,3,3,5,5,3,3,2,2,2,1,2,Science,Economics,Maths,Languages,Business & Finance
5,5,4,2,2,3,2,4,3,3,5,3,Science,Technical Drawing,Chemistry,Maths,Engineering
1,2,2,3,2,2,4,3,3,3,1,4,Arts,Geography,Biology,Economics,Law & Political Science
3,3,1,5,4,3,3,2,4,2,2,4,Commercial,Languages,Geography,Maths,Business & Finance
3,5,3,1,3,3,4,3,5,1,4,1,Science,Technical Drawing,Chemistry,Computer Science,Health Sciences
1,3,3,4,4,3,5,1,3,4,3,5,Arts,Maths,History,Economics,Law & Political Science
3,2,3,1,4,2,2,1,2,4,2,4,Science,Literature,Biology,Chemistry,Education
2,3,2,3,4,3,4,4,4,3,2,4,Arts,History,Geography,Literature,Computing & IT
4,2,4,3,2,3,1,1,5,2,5,3,Science,Economics,Chemistry,Geography,Agriculture & Environment
2,3,3,4,4,5,4,4,2,3,2,4,Science,History,Technical Drawing,Literature,"Arts, Design & Communication"
3,3,2,4,2,2,3,2,4,4,4,2,Science,Economics,Physics,Geography,Agriculture & Environment
2,3,3,2,3,2,4,2,3,3,4,4,Arts,History,Languages,Economics,Law & Political Science
2,4,3,2,5,5,3,4,1,3,3,5,Arts,Economics,Computer Science,Languages,"Arts, Design & Communication"
4,3,2,4,1,4,4,4,4,3,4,3,Science,Chemistry,Economics,Languages,Agriculture & Environment
2,4,5,4,2,1,2,3,2,3,5,3,Science,Biology,Chemistry,Maths,Health Sciences
3,4,2,4,3,2,3,5,2,3,2,3,Science,Computer Science,Maths,Biology,Computing & IT
1,4,3,2,2,4,2,3,2,4,5,4,Science,Languages,Biology,Chemistry,Engineering
5,5,2,2,3,2,3,3,2,2,4,2,Science,Computer Science,Chemistry,Technical Drawing,Engineering
2,3,5,3,3,3,4,3,2,3,5,5,Technical,Geography,Maths,Biology,Health Sciences
2,2,2,4,3,5,3,4,2,3,3,5,Science,Literature,Technical Drawing,Maths,"Arts, Design & Communication"
2,4,3,1,3,2,4,4,2,5,1,4,Science,Maths,Geography,Languages,Engineering
2,3,2,3,5,2,3,2,5,3,4,2,Science,Economics,Chemistry,Geography,"Arts, Design & Communication"
3,1,4,3,2,3,4,4,2,5,4,4,Arts,Geography,Biology,History,Education
4,1,2,4,4,1,5,3,2,3,2,4,Arts,Accounting,Literature,Geography,Law & Political Science
3,1,1,2,3,2,2,4,4,3,3,2,Arts,Economics,Physics,Geography,Agriculture & Environment
3,3,5,3,3,3,4,3,3,3,5,4,Science,Chemistry,Maths,Biology,Health Sciences
3,5,4,1,1,3,2,4,4,1,5,2,Technical,Literature,Technical Drawing,Maths,Engineering
4,4,3,5,1,4,2,3,2,2,4,1,Science,Maths,Computer Science,Biology,Engineering
2,4,2,5,4,4,2,4,3,2,3,4,Technical,Languages,Maths,Physics,Business & Finance
3,1,2,2,2,4,1,4,4,1,4,4,Technical,Geography,Economics,Literature,Agriculture & Environment
4,2,2,2,2,2,2,2,5,3,4,2,Science,Chemistry,Geography,Economics,Agriculture & Environment
3,2,2,4,5,5,2,5,2,4,3,5,Arts,Computer Science,Maths,History,"Arts, Design & Communication"
2,5,2,3,3,3,3,4,3,2,3,3,Science,Technical Drawing,Maths,Languages,Computing & IT
5,4,2,3,3,3,2,5,3,3,2,2,Science,Economics,Technical Drawing,Physics,Law & Political Science
2,3,2,2,4,3,3,3,2,3,2,3,Arts,Accounting,Languages,Literature,"Arts, Design & Communication"
3,4,1,3,3,4,1,3,2,2,4,2,Technical,Physics,Chemistry,Computer Science,Engineering
3,3,2,3,3,4,3,2,3,3,4,4,Science,History,Literature,Computer Science,"Arts, Design & Communication"
3,1,2,3,3,5,4,4,2,3,4,4,Arts,History,Technical Drawing,Computer Science,"Arts, Design & Communication"
4,3,3,2,1,3,2,1,4,2,4,4,Science,Economics,Biology,Geography,Agriculture & Environment
3,3,5,3,1,1,2,2,1,4,4,3,Science,Chemistry,Maths,Biology,Health Sciences
4,4,2,3,4,4,4,3,2,2,4,2,Science,Technical Drawing,Physics,Computer Science,Engineering
3,3,5,3,4,3,3,3,4,5,1,2,Commercial,Geography,Biology,History,Education
3,1,2,3,4,2,5,1,4,3,3,5,Arts,Languages,Literature,History,Law & Political Science
2,3,1,2,4,4,4,4,2,3,2,5,Arts,Literature,Computer Science,Languages,"Arts, Design & Communication"
2,4,3,3,3,2,4,2,1,3,4,5,Arts,Economics,Geography,Literature,Law & Political Science
5,4,1,4,2,4,3,3,3,3,5,2,Science,Physics,Technical Drawing,Maths,Business & Finance
3,5,2,5,2,3,3,4,3,1,4,3,Science,Physics,Computer Science,Maths,Education
5,4,2,3,3,3,4,5,2,3,3,1,Science,Technical Drawing,Maths,Physics,"Arts, Design & Communication"
4,3,5,2,2,4,2,3,3,4,3,5,Commercial,Geography,Literature,Biology,Education
3,3,5,3,1,3,5,3,4,5,5,2,Science,Geography,Chemistry,Physics,Agriculture & Environment
3,4,3,5,4,2,2,3,3,4,3,2,Commercial,Economics,Languages,Accounting,Business & Finance
2,3,4,4,4,1,5,2,2,3,4,4,Arts,Biology,History,Literature,Law & Political Science
4,3,5,3,3,2,4,2,3,2,4,4,Commercial,Maths,Chemistry,Biology,Engineering
2,2,1,2,3,5,2,4,4,3,2,5,Arts,Languages,History,Computer Science,"Arts, Design & Communication"
3,1,3,4,4,3,5,2,4,4,3,3,Arts,Literature,Languages,History,Law & Political Science
3,1,4,3,4,2,4,4,3,3,2,5,Arts,Economics,History,Languages,Law & Political Science
3,4,5,3,2,2,2,4,2,4,4,4,Science,Maths,Chemistry,Biology,Health Sciences
4,3,3,2,4,4,5,3,3,4,3,5,Arts,Literature,Biology,History,Law & Political Science
4,4,2,2,3,3,4,3,4,3,5,3,Science,Physics,Chemistry,Literature,Engineering
4,1,3,2,2,5,4,4,3,3,2,5,Arts,History,Computer Science,Technical Drawing,"Arts, Design & Communication"
2,5,2,4,3,3,3,5,1,3,2,2,Science,Computer Science,Technical Drawing,Maths,Health Sciences
3,3,4,3,3,1,5,2,2,3,3,4,Arts,History,Geography,Literature,Law & Political Science
5,3,3,3,3,2,2,2,5,4,3,1,Science,Chemistry,Economics,Biology,Agriculture & Environment
3,3,3,3,3,4,3,3,5,3,4,2,Arts,Physics,Biology,Geography,Agriculture & Environment
4,3,4,3,5,3,2,4,3,5,3,2,Science,Maths,History,Languages,Education
3,2,2,5,4,1,4,2,1,3,2,4,Commercial,Literature,Languages,Geography,Business & Finance
4,2,4,1,3,2,2,4,1,4,3,4,Arts,History,Biology,Maths,Agriculture & Environment
1,3,2,2,2,4,2,4,2,3,3,4,Arts,History,Technical Drawing,Computer Science,"Arts, Design & Communication"
3,2,4,2,4,5,3,3,3,1,3,3,Science,History,Computer Science,Literature,"Arts, Design & Communication"
4,2,2,2,3,5,3,5,2,4,3,5,Arts,Languages,History,Computer Science,"Arts, Design & Communication"
3,4,5,3,3,2,3,2,4,3,3,4,Science,Physics,Biology,Maths,Health Sciences
5,3,3,3,2,3,2,3,4,3,5,2,Commercial,Literature,Physics,Biology,Agriculture & Environment
4,4,3,1,1,4,1,4,2,3,3,2,Science,Computer Science,Chemistry,Maths,Engineering
3,3,3,3,5,3,4,3,3,1,3,3,Science,Maths,Accounting,Economics,Business & Finance
3,4,3,1,4,1,3,2,2,5,3,4,Science,Geography,Accounting,Languages,Education
3,3,4,5,4,3,4,3,3,3,3,4,Arts,Languages,Maths,Economics,Business & Finance
4,2,5,2,1,2,1,2,3,5,3,4,Technical,Chemistry,History,Biology,Health Sciences
3,4,2,2,3,2,1,3,3,5,3,5,Arts,Biology,History,Maths,Education
3,4,2,3,2,3,3,5,3,3,2,2,Science,Technical Drawing,History,Maths,Computing & IT
1,3,3,4,4,4,3,3,4,3,1,4,Commercial,Accounting,Geography,Economics,Business & Finance
2,2,1,1,4,5,4,2,2,3,3,3,Arts,Literature,Geography,Computer Science,"Arts, Design & Communication"
3,4,3,4,4,1,3,2,2,2,1,2,Arts,Geography,Maths,Economics,Business & Finance
3,3,5,2,2,2,3,2,4,4,5,3,Science,Physics,Maths,Biology,Health Sciences
2,4,3,3,4,3,4,3,4,2,3,5,Arts,Literature,History,Geography,Education
2,4,5,4,1,4,2,2,3,3,4,3,Science,Biology,Physics,Maths,Health Sciences
3,3,5,4,2,4,2,2,2,4,2,2,Science,Maths,Chemistry,Physics,Health Sciences
4,3,2,5,4,2,3,2,5,2,3,2,Science,Physics,Economics,Biology,Agriculture & Environment
3,4,1,4,3,3,3,5,2,2,3,3,Science,Computer Science,Technical Drawing,Maths,Computing & IT
2,2,5,2,2,3,1,1,3,2,3,2,Science,Chemistry,Biology,Literature,Computing & IT
2,2,2,3,2,5,3,4,3,2,2,5,Arts,Languages,Chemistry,Literature,Agriculture & Environment
4,3,2,4,4,4,3,4,2,4,3,2,Science,Maths,Technical Drawing,Computer Science,Computing & IT
1,2,5,3,4,2,4,2,2,5,4,5,Science,Physics,Biology,Chemistry,Health Sciences
5,5,2,2,3,4,2,5,2,3,4,3,Science,Physics,Technical Drawing,Maths,Engineering
1,5,4,3,2,2,3,3,3,4,2,4,Arts,Maths,Biology,Computer Science,Education
2,2,2,3,3,5,3,3,4,2,2,4,Arts,Computer Science,History,Technical Drawing,"Arts, Design & Communication"
3,2,3,4,4,2,5,3,3,4,3,4,Arts,History,Literature,Economics,Law & Political Science
4,4,5,4,2,2,3,2,3,5,4,3,Arts,Biology,Maths,Chemistry,Health Sciences
3,4,3,4,5,3,2,2,3,5,2,3,Arts,Biology,Maths,History,Education
5,5,1,4,2,3,2,3,3,1,3,3,Technical,Chemistry,Physics,Computer Science,Engineering
4,4,3,2,4,3,2,2,2,3,2,4,Commercial,Computer Science,Languages,History,"Arts, Design & Communication"
3,2,4,3,4,3,3,3,2,4,4,5,Arts,Physics,Geography,Biology,Education
2,2,4,4,5,1,5,3,3,2,3,5,Arts,Economics,Geography,Maths,Law & Political Science
3,3,4,2,4,2,2,3,2,2,5,3,Science,Chemistry,Geography,Physics,Agriculture & Environment
4,2,5,3,4,2,3,3,4,3,5,2,Science,Physics,Accounting,Economics,Agriculture & Environment
4,4,4,2,4,2,4,1,4,4,4,3,Science,Physics,Biology,Maths,Health Sciences
5,5,2,3,3,2,3,2,2,2,5,2,Science,Maths,Physics,Technical Drawing,"Arts, Design & Communication"
2,5,2,4,3,2,3,5,3,2,3,3,Science,Physics,Computer Science,Maths,Computing & IT
3,2,2,3,4,4,5,2,2,5,3,5,Science,Literature,Languages,Economics,Law & Political Science
2,4,3,4,5,1,2,2,2,3,3,3,Arts,Chemistry,Languages,Geography,Business & Finance
2,5,3,5,4,3,4,3,3,2,2,4,Commercial,Economics,Languages,Maths,Business & Finance
5,5,3,3,2,2,3,5,2,2,2,2,Science,Maths,Physics,Technical Drawing,Engineering
3,5,3,3,2,3,3,4,1,3,1,2,Science,Biology,Technical Drawing,Maths,Computing & IT
3,2,2,3,3,2,4,1,3,3,4,5,Arts,Chemistry,Economics,Languages,Agriculture & Environment
2,2,2,3,3,2,5,2,3,4,3,5,Arts,Geography,Computer Science,Economics,Law & Political Science
4,3,3,3,3,1,4,2,5,2,3,2,Science,Economics,Biology,Geography,Agriculture & Environment
2,5,2,4,2,3,3,3,2,3,3,3,Science,Economics,Physics,Maths,Engineering
2,3,3,5,5,3,3,3,3,3,3,4,Science,Languages,Geography,Accounting,Business & Finance
3,2,3,2,5,5,5,4,2,2,1,4,Science,Computer Science,Physics,Languages,Health Sciences
3,2,2,1,3,5,3,4,3,3,3,4,Arts,Languages,Technical Drawing,History,Law & Political Science
3,4,4,4,3,2,2,3,4,4,3,5,Science,Languages,History,Maths,Engineering
4,2,5,4,3,1,2,2,1,4,4,3,Science,Biology,Maths,Chemistry,Health Sciences
2,4,4,5,4,3,3,2,3,2,2,2,Commercial,Maths,Languages,Geography,Business & Finance
2,4,4,3,2,3,2,4,4,2,5,2,Science,Biology,Physics,Economics,Agriculture & Environment
4,3,5,4,2,3,2,2,3,4,5,4,Science,Maths,Chemistry,Physics,Agriculture & Environment
2,3,2,1,4,4,3,2,1,5,1,3,Arts,Geography,History,Languages,Education
3,2,4,2,5,2,5,3,1,3,3,3,Arts,Economics,Languages,Biology,Law & Political Science
2,3,2,5,5,2,3,2,2,3,1,3,Commercial,Languages,Maths,Accounting,Business & Finance
5,3,2,3,1,5,1,4,4,1,3,1,Science,Maths,Physics,Technical Drawing,Health Sciences
3,2,3,3,3,3,4,2,4,1,5,2,Science,Economics,Geography,Physics,Agriculture & Environment
5,3,1,3,3,5,3,4,2,4,2,4,Technical,Technical Drawing,Physics,Computer Science,Computing & IT
5,5,2,3,3,3,3,5,2,3,5,3,Science,Accounting,Physics,Computer Science,Engineering
5,3,2,3,1,4,4,3,4,2,4,2,Science,Maths,Computer Science,Chemistry,Engineering
3,3,2,2,4,3,3,4,4,2,3,5,Arts,Technical Drawing,Accounting,Languages,"Arts, Design & Communication"
5,5,2,4,4,3,1,4,4,2,1,1,Technical,Maths,Literature,Technical Drawing,Computing & IT
4,4,3,3,5,2,4,3,3,2,3,3,Arts,Accounting,Economics,Maths,Business & Finance
2,5,2,5,3,3,5,3,3,3,1,4,Science,Languages,Economics,History,Law & Political Science
1,3,2,2,4,5,3,4,3,2,2,5,Arts,Computer Science,Languages,Chemistry,"Arts, Design & Communication"
5,4,2,2,3,2,3,3,4,3,4,3,Science,Biology,Physics,Economics,Engineering
2,2,5,1,3,2,3,2,3,4,5,3,Science,Biology,Physics,Chemistry,Health Sciences
3,3,2,3,2,2,2,3,5,3,5,2,Science,Physics,Biology,Economics,Agriculture & Environment
1,4,5,3,2,2,2,2,2,2,5,2,Science,Maths,Biology,Chemistry,Health Sciences
3,4,3,3,3,2,2,4,5,2,4,2,Science,Geography,Chemistry,Economics,Agriculture & Environment
1,3,3,2,5,2,3,3,2,5,4,5,Science,Languages,Literature,Biology,Education
3,3,5,2,2,3,2,3,3,3,5,3,Science,Computer Science,Chemistry,Physics,Health Sciences
3,3,3,3,5,5,2,2,1,3,3,2,Arts,Technical Drawing,Accounting,History,"Arts, Design & Communication"
2,1,2,1,5,3,5,2,2,4,3,5,Science,History,Geography,Economics,Law & Political Science
2,2,4,2,4,5,4,3,2,4,2,4,Arts,History,Literature,Economics,"Arts, Design & Communication"
5,5,3,2,2,4,2,5,3,3,3,2,Science,Computer Science,Technical Drawing,Literature,Engineering
3,1,1,2,3,5,2,2,2,3,3,4,Science,Technical Drawing,Computer Science,History,"Arts, Design & Communication"
2,2,3,4,5,5,3,3,3,2,3,4,Arts,Languages,Literature,Accounting,"Arts, Design & Communication"
3,3,3,3,2,4,1,2,3,5,2,3,Science,Languages,Literature,Geography,Education
3,4,3,3,3,4,3,3,3,2,2,5,Technical,Literature,Accounting,Technical Drawing,"Arts, Design & Communication"
2,3,2,5,5,3,3,3,2,2,2,4,Technical,Accounting,Literature,Languages,Business & Finance
3,4,3,2,3,2,3,2,4,4,4,5,Commercial,Maths,History,Biology,Education
1,3,3,5,4,2,4,2,4,3,3,5,Science,Economics,History,Technical Drawing,Law & Political Science
2,3,4,3,2,2,2,3,2,2,5,4,Science,Physics,Biology,Computer Science,Health Sciences
2,3,2,2,4,5,2,3,2,3,4,4,Technical,Computer Science,Technical Drawing,Literature,"Arts, Design & Communication"
2,3,3,2,4,5,3,4,3,3,4,4,Arts,Languages,Computer Science,History,"Arts, Design & Communication"
4,2,3,4,3,3,5,2,3,2,3,5,Science,History,Geography,Economics,Law & Political Science
3,1,3,2,4,4,2,2,3,1,3,5,Arts,Computer Science,Literature,Technical Drawing,"Arts, Design & Communication"
3,4,4,2,2,3,4,3,1,3,3,3,Science,Maths,Biology,Chemistry,Health Sciences
3,3,3,3,4,2,3,4,3,4,3,3,Arts,Literature,Maths,Languages,Education
3,3,3,5,3,2,3,3,4,3,5,2,Science,Technical Drawing,Physics,Chemistry,Agriculture & Environment
1,2,3,3,3,3,5,1,1,3,1,3,Arts,Economics,Literature,Languages,Computing & IT
3,3,2,4,5,1,3,1,3,2,2,4,Commercial,Accounting,Economics,Geography,Business & Finance
2,2,2,4,5,3,3,3,2,3,4,2,Commercial,Geography,Maths,Languages,Health Sciences
4,4,2,2,3,5,4,4,2,4,3,4,Commercial,History,Literature,Computer Science,"Arts, Design & Communication"
3,2,2,3,4,1,4,3,2,3,2,3,Arts,Economics,Literature,History,Law & Political Science
4,4,3,3,2,3,3,5,4,2,3,2,Technical,History,Technical Drawing,Physics,Computing & IT
3,4,3,3,4,3,2,4,1,2,5,3,Science,Chemistry,Computer Science,Physics,Engineering
3,3,2,5,5,3,5,5,3,2,3,3,Arts,Economics,Maths,Geography,Business & Finance
4,4,3,3,4,4,4,4,3,2,4,3,Science,Physics,Chemistry,Technical Drawing,Engineering
5,5,2,3,2,3,1,4,2,2,5,2,Science,Chemistry,Languages,Technical Drawing,Agriculture & Environment
2,3,3,4,5,2,5,3,1,3,4,5,Arts,Economics,Geography,History,Education
2,3,1,3,2,3,2,4,3,2,3,2,Science,Computer Science,Maths,Physics,Computing & IT
4,3,3,3,2,4,2,4,1,2,2,3,Technical,Physics,Technical Drawing,History,Computing & IT
3,4,3,3,1,3,2,5,2,3,2,2,Science,Technical Drawing,Maths,Physics,Computing & IT
4,3,3,1,2,2,3,2,4,2,5,3,Science,Technical Drawing,Physics,Biology,Agriculture & Environment
3,2,3,2,4,4,2,2,2,3,2,5,Arts,Maths,Literature,History,Education
4,4,2,3,4,4,3,2,4,2,2,3,Science,Maths,Accounting,Geography,Business & Finance
4,3,5,3,4,2,1,3,2,3,4,3,Science,Chemistry,Maths,Physics,Health Sciences
3,5,2,3,2,5,2,4,3,1,3,1,Science,Technical Drawing,Computer Science,Biology,Computing & IT
2,3,2,3,4,1,3,3,2,4,1,5,Arts,Chemistry,Geography,Economics,Law & Political Science
5,5,1,4,3,3,4,4,2,3,3,3,Science,Maths,Computer Science,Literature,Computing & IT
5,3,2,2,2,3,1,3,5,2,3,1,Commercial,Economics,Biology,Chemistry,Agriculture & Environment
3,4,3,3,3,4,2,5,2,3,1,4,Technical,Economics,Physics,Technical Drawing,Computing & IT
3,4,4,3,3,3,2,2,3,4,4,5,Commercial,History,Accounting,Languages,Education
2,3,3,2,4,3,5,2,3,3,3,4,Arts,Literature,Languages,Economics,Law & Political Science
3,3,3,3,3,3,2,3,2,1,1,4,Commercial,Economics,Accounting,Languages,Business & Finance
4,5,3,3,4,3,4,5,1,4,3,3,Science,Physics,Computer Science,Technical Drawing,Computing & IT
4,3,3,3,3,3,5,5,1,3,2,2,Science,Technical Drawing,Maths,Computer Science,"Arts, Design & Communication"
3,2,3,2,2,1,1,2,5,3,4,4,Commercial,Chemistry,History,Physics,Agriculture & Environment
1,2,3,4,2,1,4,2,2,3,3,3,Arts,Economics,History,Geography,Law & Political Science
2,3,5,2,5,3,1,2,3,2,3,3,Science,Physics,Maths,Economics,Health Sciences
3,3,3,3,2,4,1,3,2,3,2,4,Science,Geography,Maths,Computer Science,Computing & IT
5,3,2,2,2,4,3,5,3,1,2,3,Science,Technical Drawing,Maths,Chemistry,Engineering
3,3,3,3,4,5,3,4,2,2,3,4,Arts,Technical Drawing,Literature,Maths,"Arts, Design & Communication"
3,3,1,3,4,3,2,5,2,2,2,1,Arts,Physics,Technical Drawing,Computer Science,Computing & IT
3,4,2,3,4,4,2,2,2,2,3,5,Arts,Accounting,Computer Science,Languages,"Arts, Design & Communication"
5,5,2,2,3,2,3,5,1,1,5,2,Science,Chemistry,Computer Science,Maths,Engineering
3,1,1,4,3,2,4,4,2,2,2,5,Arts,Economics,Technical Drawing,Literature,Law & Political Science
2,2,2,3,5,3,4,4,3,3,3,5,Arts,Languages,Literature,History,Law & Political Science
2,3,2,4,4,1,3,3,3,3,2,2,Commercial,Maths,Geography,Accounting,Engineering
3,3,2,1,5,4,2,3,2,2,3,4,Arts,Accounting,Computer Science,Languages,"Arts, Design & Communication"
2,3,1,2,4,1,4,4,2,4,1,5,Arts,Geography,Literature,History,Law & Political Science
2,2,5,4,3,2,3,3,4,3,3,3,Science,Chemistry,Physics,Biology,Agriculture & Environment
2,2,2,2,2,5,3,3,4,2,3,5,Arts,Literature,Technical Drawing,History,Computing & IT
1,4,1,2,3,5,3,3,2,3,2,4,Commercial,History,Languages,Literature,"Arts, Design & Communication"
4,4,3,5,4,2,4,4,2,2,2,3,Commercial,Economics,Chemistry,Maths,Business & Finance
1,2,3,2,5,3,4,5,4,3,3,5,Arts,Economics,Maths,Geography,Health Sciences
2,2,5,2,2,2,3,3,2,5,2,5,Commercial,Maths,Geography,History,Education
3,5,1,3,3,2,3,5,3,5,1,3,Technical,Technical Drawing,History,Maths,Computing & IT
4,4,2,2,3,3,3,4,2,2,4,3,Science,Chemistry,Technical Drawing,Maths,Engineering
5,5,3,2,2,3,4,5,2,3,4,2,Technical,Physics,Chemistry,Maths,Engineering
2,3,1,4,4,3,3,2,3,1,2,2,Arts,Geography,Accounting,Maths,Business & Finance
4,4,3,2,3,3,4,4,3,3,4,1,Science,Computer Science,Technical Drawing,Physics,Engineering
3,4,3,4,1,4,1,4,2,3,3,1,Technical,History,Maths,Technical Drawing,Computing & IT
3,3,3,3,4,3,2,1,5,3,4,2,Science,Chemistry,Economics,Geography,Agriculture & Environment
3,5,2,4,5,2,4,4,3,3,4,4,Commercial,Geography,Languages,Maths,Business & Finance
2,5,3,4,4,2,2,2,1,2,4,4,Science,Accounting,Geography,Technical Drawing,"Arts, Design & Communication"
3,3,4,2,2,2,2,4,3,2,5,3,Science,History,Maths,Chemistry,Health Sciences
2,2,2,3,3,4,2,3,3,3,2,5,Arts,Technical Drawing,Literature,History,"Arts, Design & Communication"
4,5,2,4,3,3,3,5,3,3,4,3,Science,Maths,Computer Science,Languages,Computing & IT
2,4,4,4,3,3,2,2,1,5,3,5,Commercial,Maths,Languages,Literature,Education
5,4,3,2,2,5,3,4,2,1,4,2,Technical,Chemistry,Biology,Technical Drawing,Engineering
3,4,5,2,4,2,2,2,1,4,2,3,Science,Maths,Chemistry,Biology,Health Sciences
3,2,4,1,5,5,4,4,2,4,2,5,Science,Literature,History,Languages,"Arts, Design & Communication"
2,3,2,5,4,2,4,3,2,2,3,2,Arts,Physics,Languages,Economics,Business & Finance
3,4,4,2,3,2,3,1,3,5,3,5,Science,Literature,Languages,Maths,Education
3,4,5,3,3,2,2,4,2,5,5,3,Science,Chemistry,Literature,Biology,Health Sciences
3,4,2,3,5,5,4,3,3,2,2,4,Arts,Literature,Technical Drawing,Languages,"Arts, Design & Communication"
3,3,4,3,2,2,3,2,2,1,5,4,Science,Accounting,Chemistry,Physics,Health Sciences
4,2,2,3,2,2,3,4,5,2,4,3,Science,Physics,Geography,Economics,Agriculture & Environment
4,4,2,3,1,4,4,4,2,4,2,3,Technical,Technical Drawing,Computer Science,Geography,Computing & IT
3,4,3,5,5,3,4,1,2,4,1,3,Commercial,Languages,Accounting,Technical Drawing,Business & Finance
3,3,2,4,2,3,3,5,3,4,2,1,Technical,Physics,Technical Drawing,Maths,Computing & IT
1,3,3,5,4,2,3,2,2,3,3,3,Commercial,Languages,History,Maths,Business & Finance
3,2,3,3,3,2,3,2,5,3,4,4,Technical,Physics,Chemistry,Literature,Agriculture & Environment
4,3,2,4,3,4,3,3,1,3,3,4,Commercial,Maths,Accounting,Geography,Business & Finance
1,2,4,1,2,2,1,1,4,5,4,5,Arts,Maths,Languages,Biology,Education
3,4,3,2,3,3,3,2,3,4,2,5,Science,Biology,Geography,Languages,Education
2,3,3,5,5,3,2,3,2,3,4,2,Commercial,Languages,Accounting,Geography,Business & Finance
3,4,4,2,4,3,3,1,2,3,3,4,Arts,Literature,Biology,Languages,Education
2,4,4,3,3,3,4,5,3,2,3,3,Science,Maths,History,Technical Drawing,Computing & IT
5,4,2,2,1,3,3,4,3,4,4,4,Science,Computer Science,Physics,Maths,Engineering
3,2,2,5,2,4,2,2,4,2,3,4,Science,Biology,Chemistry,Literature,Agriculture & Environment
3,4,2,5,3,2,4,1,3,2,4,3,Arts,Languages,Physics,Accounting,Business & Finance
3,5,2,4,5,3,3,4,2,2,3,3,Science,Geography,Languages,Biology,Engineering
3,3,4,3,3,3,3,2,4,4,4,3,Science,Biology,Physics,Languages,Agriculture & Environment
3,3,5,1,3,3,3,2,4,4,3,5,Science,Geography,Languages,Maths,Agriculture & Environment
5,5,1,3,2,2,4,5,2,4,4,2,Technical,Technical Drawing,Literature,Computer Science,Engineering
3,4,5,2,3,4,2,4,3,3,4,2,Science,Chemistry,Biology,Maths,Health Sciences
1,4,4,4,1,3,1,2,2,5,3,4,Technical,Biology,Maths,Physics,Health Sciences
5,5,2,1,3,3,3,3,2,1,4,4,Science,Computer Science,Physics,Maths,Engineering
3,3,2,5,5,2,2,2,3,3,2,2,Arts,Geography,Accounting,Maths,Business & Finance
2,4,1,5,4,3,3,1,2,3,3,3,Commercial,Languages,Accounting,Maths,Business & Finance
4,5,2,3,4,3,3,4,2,2,2,3,Science,Maths,Technical Drawing,Physics,Computing & IT
4,2,2,3,4,4,3,4,4,3,2,4,Arts,Technical Drawing,Computer Science,Biology,Engineering
1,3,3,2,3,2,3,2,3,4,2,3,Technical,Geography,Languages,History,Education
5,4,2,3,1,3,1,4,2,3,4,1,Science,Maths,Computer Science,History,Engineering
1,5,4,3,3,4,4,4,3,5,2,4,Arts,Literature,Languages,Maths,Education
5,5,3,2,2,4,3,3,1,2,5,4,Science,Chemistry,Computer Science,Technical Drawing,Engineering
1,3,4,4,4,3,4,2,3,2,4,5,Commercial,Accounting,Geography,Maths,Business & Finance
3,3,2,4,5,2,5,2,1,4,2,5,Commercial,Literature,Geography,Maths,Law & Political Science
3,2,4,2,2,3,3,3,2,5,3,5,Arts,Biology,History,Physics,Education
4,3,3,3,3,3,2,4,3,2,3,2,Science,Maths,Physics,Computer Science,Engineering
3,3,2,1,5,4,4,3,2,3,3,4,Arts,History,Technical Drawing,Chemistry,"Arts, Design & Communication"
3,3,4,3,3,4,3,5,2,3,2,1,Science,Maths,Technical Drawing,Computer Science,Computing & IT
5,2,1,3,4,3,3,3,5,3,5,1,Technical,Computer Science,Chemistry,Economics,Agriculture & Environment
5,3,3,2,2,4,3,3,2,3,4,3,Technical,Maths,Physics,Computer Science,Engineering
4,4,2,3,4,2,2,5,2,3,4,2,Arts,Physics,Computer Science,Technical Drawing,Computing & IT
2,2,1,2,4,2,4,3,3,3,3,5,Arts,Economics,Technical Drawing,History,Law & Political Science
5,4,4,4,3,2,2,4,3,3,1,2,Science,Maths,Computer Science,Physics,Computing & IT
3,2,4,2,2,2,3,3,5,2,3,2,Arts,Maths,Economics,Physics,Agriculture & Environment
2,4,4,5,5,3,3,2,2,4,4,3,Commercial,Languages,Economics,Maths,Business & Finance
3,3,3,3,3,4,3,3,5,2,3,3,Science,Economics,Physics,Biology,Agriculture & Environment
2,3,2,3,4,2,4,2,2,2,2,5,Arts,Literature,Economics,Geography,Law & Political Science
4,3,3,3,3,4,5,4,4,2,4,5,Arts,History,Technical Drawing,Languages,Law & Political Science
4,4,1,3,2,5,2,2,3,3,3,1,Arts,Physics,Technical Drawing,Chemistry,Engineering
3,4,3,4,4,3,4,2,5,1,2,2,Commercial,Geography,Technical Drawing,Economics,Business & Finance
4,4,3,4,4,2,4,2,1,4,3,3,Arts,Literature,Physics,Biology,Education
3,2,2,4,3,4,3,3,3,1,2,4,Arts,Languages,Computer Science,History,Law & Political Science
3,2,2,3,3,3,3,3,4,2,5,2,Science,Geography,Economics,Biology,Agriculture & Environment
2,3,5,3,3,2,4,4,3,4,5,2,Science,Physics,Biology,Maths,Health Sciences
3,1,3,2,4,4,3,5,3,1,2,5,Arts,Computer Science,Literature,Technical Drawing,"Arts, Design & Communication"
2,4,5,3,1,3,4,4,2,2,5,3,Science,Physics,Chemistry,Maths,Health Sciences
2,3,2,3,5,5,3,3,3,1,3,5,Science,History,Languages,Computer Science,"Arts, Design & Communication"
2,3,3,3,2,3,1,2,4,3,5,3,Arts,Physics,Biology,Geography,Agriculture & Environment
3,3,3,5,5,4,2,2,4,2,1,3,Commercial,Accounting,Languages,Economics,Business & Finance
5,4,1,3,3,5,3,4,3,2,4,4,Arts,Maths,Physics,Technical Drawing,Engineering
4,3,5,2,3,2,1,4,4,3,3,3,Arts,Biology,Chemistry,Maths,Health Sciences
2,4,5,4,3,3,2,2,3,3,5,3,Science,Maths,Biology,Chemistry,Health Sciences
5,4,1,2,1,2,1,2,5,1,4,3,Technical,Economics,Physics,Biology,Agriculture & Environment
2,4,2,3,3,5,4,3,1,3,2,4,Arts,Languages,Technical Drawing,Literature,Education
3,4,3,4,4,2,2,2,4,5,4,2,Science,Geography,Economics,Biology,Agriculture & Environment
1,3,5,2,2,2,2,1,2,2,5,2,Science,Maths,Economics,Physics,Health Sciences
3,4,4,2,4,1,2,2,2,4,3,4,Arts,Economics,Biology,Languages,Education
3,3,3,4,4,2,4,4,3,3,3,4,Commercial,Maths,Accounting,Chemistry,Business & Finance
5,5,4,3,3,5,3,4,2,1,4,2,Technical,Physics,Maths,Computer Science,Engineering
2,1,2,2,4,4,4,3,4,1,2,4,Commercial,Literature,Computer Science,Languages,"Arts, Design & Communication"
3,4,3,4,1,5,3,4,3,3,2,3,Science,Physics,Maths,Economics,Computing & IT
5,3,2,4,3,3,1,4,4,3,3,2,Science,Maths,Literature,Physics,Computing & IT
3,2,1,4,4,3,5,2,2,2,4,5,Arts,Geography,Literature,Languages,Law & Political Science
3,3,5,2,2,3,3,2,3,4,4,2,Science,Maths,Chemistry,Physics,Health Sciences
5,2,3,4,2,4,2,3,5,3,3,1,Science,Economics,Physics,Biology,Agriculture & Environment
2,3,3,5,1,2,3,3,5,3,4,3,Science,Economics,Biology,Physics,Education
2,2,2,1,4,5,3,1,2,3,1,4,Arts,Computer Science,Literature,Physics,"Arts, Design & Communication"
4,3,2,3,3,3,4,2,3,3,3,4,Arts,Literature,Geography,History,Law & Political Science
3,3,5,3,1,2,2,2,2,4,5,3,Science,Physics,Maths,Chemistry,Health Sciences
1,4,3,3,3,1,1,3,2,5,3,4,Science,Geography,History,Chemistry,Education
4,3,3,2,3,2,5,1,3,3,2,5,Commercial,Geography,Economics,Literature,Law & Political Science
4,2,2,2,5,5,5,3,3,2,2,3,Science,Languages,Chemistry,Computer Science,"Arts, Design & Communication"
3,3,4,3,5,3,3,4,1,2,1,3,Commercial,Languages,Economics,Geography,Business & Finance
3,4,3,3,5,3,3,2,2,3,3,3,Technical,Accounting,Languages,Economics,Business & Finance
3,3,4,2,4,3,3,2,2,5,3,5,Commercial,Languages,Technical Drawing,Literature,Education
4,3,4,4,3,4,2,5,2,1,3,5,Science,Physics,Technical Drawing,Biology,Computing & IT
4,3,2,5,2,3,3,1,4,3,3,3,Science,Chemistry,Geography,Biology,Agriculture & Environment
3,3,3,5,5,2,3,2,1,2,2,3,Commercial,Economics,Geography,Accounting,Engineering
2,4,1,4,3,3,3,4,2,3,2,2,Technical,Technical Drawing,Maths,Computer Science,Computing & IT
2,2,5,1,3,2,2,3,2,4,4,4,Science,Maths,Chemistry,Physics,Health Sciences
3,2,2,2,4,4,5,3,3,2,4,5,Arts,Languages,Literature,Computer Science,"Arts, Design & Communication"
2,3,3,3,3,4,4,4,3,1,4,1,Science,Chemistry,Maths,Technical Drawing,Health Sciences
4,4,2,4,2,2,3,5,2,2,3,2,Technical,Physics,Maths,Technical Drawing,Computing & IT
2,4,5,2,2,2,2,1,3,5,3,4,Science,Biology,Geography,Literature,Education
2,3,5,3,3,3,3,2,3,5,4,4,Science,Computer Science,Maths,Physics,Health Sciences
2,3,2,3,3,5,4,3,2,2,2,5,Commercial,Technical Drawing,Economics,Computer Science,"Arts, Design & Communication"
2,2,3,4,4,2,5,4,3,4,3,5,Arts,History,Literature,Economics,Law & Political Science
4,3,3,2,3,1,4,2,3,5,1,4,Science,Geography,History,Literature,Education
3,2,3,2,2,2,3,2,5,2,3,3,Science,Biology,Physics,Chemistry,Agriculture & Environment
1,3,2,1,2,4,4,4,3,2,3,5,Arts,Technical Drawing,Languages,Computer Science,"Arts, Design & Communication"
2,3,2,2,4,4,4,2,3,2,4,5,Arts,Technical Drawing,Literature,Biology,"Arts, Design & Communication"
3,1,3,3,3,3,3,2,4,2,4,3,Science,Chemistry,Geography,Biology,Agriculture & Environment
4,2,3,2,2,3,3,4,5,2,3,3,Science,Economics,Chemistry,Geography,Agriculture & Environment
3,3,3,3,2,3,2,2,5,3,5,2,Science,Geography,Physics,Economics,Agriculture & Environment
2,4,3,2,3,5,3,3,1,3,2,4,Arts,History,Literature,Languages,"Arts, Design & Communication"
2,3,3,2,3,2,2,2,3,5,1,4,Science,Languages,Biology,Literature,Education
3,4,2,4,3,3,3,4,4,2,4,1,Science,Technical Drawing,Physics,Maths,Computing & IT
5,3,3,3,1,2,4,4,2,4,5,3,Technical,Maths,Chemistry,Physics,Engineering
3,5,2,4,3,4,3,5,3,4,3,3,Technical,Technical Drawing,Physics,Biology,Computing & IT
3,4,5,4,3,2,2,2,4,5,5,4,Science,Physics,Maths,Chemistry,Health Sciences
3,2,2,4,3,5,4,5,2,3,2,5,Arts,History,Maths,Technical Drawing,"Arts, Design & Communication"
1,3,4,4,2,4,3,3,3,3,2,4,Science,Computer Science,Technical Drawing,Literature,"Arts, Design & Communication"
3,1,2,2,2,5,2,4,2,3,4,5,Arts,Technical Drawing,Languages,History,Health Sciences
5,5,2,2,2,4,3,4,3,1,5,2,Science,Computer Science,Technical Drawing,Physics,Engineering
2,3,4,2,3,2,2,2,2,5,3,5,Arts,Biology,History,Maths,Education
2,3,5,3,3,3,3,3,2,4,4,3,Science,Biology,Chemistry,Physics,Health Sciences
4,2,2,3,2,2,3,3,4,3,4,3,Science,Geography,Physics,Chemistry,Agriculture & Environment
1,3,2,3,5,2,5,3,3,3,2,5,Arts,Languages,History,Geography,Business & Finance
4,3,5,3,1,2,1,2,3,4,4,3,Science,Chemistry,Biology,Maths,Health Sciences
2,3,2,3,3,5,4,4,3,3,2,5,Commercial,Computer Science,History,Literature,"Arts, Design & Communication"
2,3,2,2,5,2,3,1,2,5,4,4,Arts,Literature,Geography,History,Computing & IT
3,4,5,3,2,1,4,4,2,4,4,4,Science,Maths,Biology,Physics,Health Sciences
3,3,2,3,4,1,3,5,3,1,1,2,Commercial,Physics,Accounting,Languages,Business & Finance
3,4,4,4,2,4,1,2,5,3,3,3,Science,Chemistry,Economics,Physics,Agriculture & Environment
2,2,1,3,5,4,4,4,3,4,1,4,Science,Technical Drawing,Chemistry,Computer Science,"Arts, Design & Communication"
5,5,2,3,2,4,2,3,5,2,5,3,Science,Biology,Physics,Chemistry,Agriculture & Environment
3,3,4,2,4,2,3,3,5,4,4,1,Science,Biology,Chemistry,Physics,Agriculture & Environment
3,2,4,2,3,3,3,1,3,3,2,5,Science,Computer Science,Literature,Maths,Education
3,5,3,4,2,3,3,2,5,2,4,2,Commercial,Economics,Physics,Biology,Computing & IT
5,4,2,3,4,3,2,5,2,3,5,2,Technical,Technical Drawing,Maths,Computer Science,Engineering
4,5,4,3,3,3,2,4,4,2,4,4,Science,Technical Drawing,Physics,Chemistry,Law & Political Science
2,3,2,2,4,5,4,3,4,3,3,3,Arts,Technical Drawing,Computer Science,Literature,"Arts, Design & Communication"
4,3,2,3,4,4,3,5,3,4,3,4,Technical,Literature,History,Computer Science,"Arts, Design & Communication"
4,2,4,4,3,2,1,3,5,2,4,2,Science,Chemistry,Geography,Biology,Agriculture & Environment
3,3,3,4,3,4,2,5,2,3,3,3,Commercial,Maths,Computer Science,Technical Drawing,Computing & IT
2,3,5,3,4,1,1,1,2,3,4,2,Science,Biology,Maths,Physics,Health Sciences
4,3,3,2,2,2,3,1,5,4,5,2,Science,Languages,Biology,Geography,Agriculture & Environment
5,5,3,5,4,2,1,4,4,2,4,2,Technical,Physics,Literature,Technical Drawing,Engineering
3,4,3,5,4,3,3,2,3,1,2,4,Commercial,Maths,Geography,Accounting,Business & Finance
2,3,3,1,3,4,4,3,1,3,3,3,Technical,Languages,Computer Science,Maths,"Arts, Design & Communication"
3,4,2,2,4,3,2,3,2,3,4,3,Science,Maths,Biology,History,Education
3,3,1,3,3,3,2,3,4,2,4,3,Science,Geography,Physics,Chemistry,Agriculture & Environment
3,5,5,3,5,2,5,4,2,4,4,2,Science,Biology,Technical Drawing,Physics,Health Sciences
1,2,5,4,2,3,3,2,3,5,4,3,Arts,Literature,Languages,History,Education
2,3,3,2,3,4,3,4,3,3,1,5,Arts,History,Literature,Computer Science,"Arts, Design & Communication"
3,1,2,2,2,2,3,2,5,3,3,1,Arts,Chemistry,Physics,Economics,Agriculture & Environment
5,5,1,4,2,3,5,3,3,3,3,3,Science,Physics,Technical Drawing,Computer Science,Computing & IT
3,4,5,2,5,3,2,3,1,4,2,4,Arts,Biology,Languages,Literature,Education
2,4,4,1,3,2,2,1,3,5,4,3,Arts,Geography,Biology,Literature,Education
2,3,3,3,2,3,3,1,3,5,2,3,Science,Literature,Languages,Maths,Education
2,2,5,3,3,3,3,2,3,4,3,4,Commercial,Physics,Maths,Biology,Health Sciences
4,4,2,3,2,3,3,4,3,2,4,2,Science,Chemistry,Physics,Technical Drawing,Engineering
3,3,2,4,4,3,3,3,3,3,3,3,Commercial,Languages,Accounting,Maths,Business & Finance
5,3,2,2,2,3,5,4,3,4,3,2,Science,Literature,Economics,Languages,Computing & IT
1,3,5,3,2,3,3,2,1,3,4,2,Science,Chemistry,Biology,Physics,Health Sciences
1,1,2,3,4,4,5,3,3,4,3,5,Science,Languages,Literature,Biology,Law & Political Science
3,4,2,4,3,2,3,3,3,2,4,2,Science,Physics,Geography,Biology,Agriculture & Environment
4,3,2,2,3,2,2,2,5,3,4,3,Science,Chemistry,Geography,Literature,Agriculture & Environment
3,5,5,3,2,2,2,4,3,2,5,2,Science,Biology,History,Maths,Health Sciences
2,1,3,4,3,3,3,1,5,2,4,2,Science,Geography,Physics,Chemistry,Agriculture & Environment
5,3,2,5,1,3,1,2,4,2,4,2,Science,Physics,Economics,Geography,Agriculture & Environment
5,4,3,1,2,4,3,5,3,1,3,3,Science,Maths,Physics,Chemistry,Engineering
3,4,5,2,2,2,3,2,2,4,4,4,Science,Literature,Physics,Maths,Health Sciences
2,2,2,2,3,5,4,3,3,3,2,5,Arts,Technical Drawing,Computer Science,History,"Arts, Design & Communication"
2,4,2,4,5,2,1,2,2,2,3,2,Commercial,Geography,Economics,Accounting,Business & Finance
3,3,4,3,4,3,3,2,3,5,4,2,Technical,Maths,Accounting,Biology,Health Sciences
2,2,2,3,4,2,5,3,2,3,2,4,Arts,Economics,Languages,Geography,Law & Political Science
4,4,4,4,3,1,3,3,2,2,1,3,Commercial,Economics,Geography,Literature,Business & Finance
4,5,3,2,4,2,1,4,2,3,2,4,Science,Languages,Computer Science,Maths,Engineering
3,3,3,1,2,5,3,2,4,4,3,4,Science,Biology,Maths,Languages,Education
3,4,4,2,3,2,3,4,1,5,4,4,Arts,Maths,Geography,Literature,Education
2,1,3,3,2,3,1,2,4,4,5,2,Arts,Technical Drawing,Biology,Chemistry,Agriculture & Environment
3,2,2,3,4,2,3,3,2,4,3,3,Science,Maths,Biology,Literature,Education
4,5,3,2,2,3,3,4,4,1,2,2,Science,Computer Science,Technical Drawing,Maths,Computing & IT
3,4,2,3,4,2,2,3,2,3,4,3,Technical,Technical Drawing,Computer Science,Chemistry,Engineering
3,4,5,3,2,2,2,2,2,5,3,3,Arts,Biology,Geography,Maths,Education
3,4,5,3,3,2,3,3,2,4,4,4,Science,Chemistry,Physics,Maths,Health Sciences
4,2,3,3,3,2,4,4,5,2,5,3,Science,Geography,Economics,Physics,Agriculture & Environment
2,3,2,3,3,4,3,4,2,2,2,2,Science,Technical Drawing,Maths,Computer Science,Computing & IT
3,3,4,2,4,3,4,3,2,4,1,5,Arts,Geography,Biology,Computer Science,Education
3,3,3,3,3,3,3,3,3,4,3,4,Science,Languages,History,Maths,Education
3,3,2,3,5,3,5,3,4,2,2,5,Arts,Geography,Languages,Economics,Law & Political Science
4,3,1,3,4,3,4,2,2,3,2,4,Arts,History,Languages,Geography,Law & Political Science
2,3,2,2,3,1,5,3,3,3,2,5,Arts,Literature,History,Languages,Law & Political Science
5,4,3,3,3,3,2,3,2,2,4,4,Science,Chemistry,Languages,Technical Drawing,Engineering
3,3,5,3,3,3,2,2,1,3,5,3,Science,Physics,Biology,Maths,Engineering
4,4,3,5,4,3,4,1,3,3,2,4,Commercial,Accounting,Economics,Languages,Business & Finance
3,5,3,4,3,3,3,2,1,3,4,3,Technical,Literature,Languages,Economics,Business & Finance
2,2,2,4,3,4,4,2,3,4,1,4,Science,Languages,Economics,Literature,Law & Political Science
4,4,2,5,5,3,3,3,1,2,3,3,Commercial,Economics,Maths,Accounting,Business & Finance
4,4,2,4,2,2,2,5,3,1,2,2,Science,Maths,Technical Drawing,Computer Science,Computing & IT
1,2,2,3,4,4,3,4,1,3,2,5,Arts,Accounting,Computer Science,Technical Drawing,"Arts, Design & Communication"
3,3,5,2,2,3,2,1,3,1,5,2,Science,Geography,Chemistry,Physics,Agriculture & Environment
4,3,4,4,4,2,3,3,3,5,3,3,Technical,Biology,Computer Science,Physics,Health Sciences
5,3,2,3,2,4,3,5,2,5,1,2,Technical,Physics,Technical Drawing,Computer Science,Computing & IT
2,1,1,3,4,3,4,3,2,4,3,4,Arts,Languages,Geography,Economics,Law & Political Science
3,3,3,2,3,3,3,2,4,5,3,5,Science,History,Literature,Languages,Education
3,1,4,2,3,2,2,4,3,5,3,5,Arts,Literature,Biology,History,Education
4,1,2,4,2,1,3,3,4,3,3,2,Science,Biology,Chemistry,Physics,Agriculture & Environment
4,3,3,3,2,3,4,3,3,5,2,4,Science,Geography,Literature,Maths,Health Sciences
2,2,3,2,5,5,4,3,4,2,2,4,Arts,Languages,Computer Science,Technical Drawing,Law & Political Science
2,3,3,2,2,3,4,3,3,3,4,5,Arts,Geography,History,Economics,"Arts, Design & Communication"
3,5,1,3,1,4,2,5,2,1,4,3,Technical,Physics,Chemistry,Technical Drawing,Engineering
2,4,3,4,4,1,3,2,2,3,3,3,Commercial,Economics,Accounting,Maths,Business & Finance
5,5,4,3,3,3,4,4,2,2,1,2,Science,Maths,Technical Drawing,Physics,Computing & IT
4,4,2,2,1,4,4,3,3,3,5,2,Technical,Chemistry,Maths,Computer Science,Engineering
4,5,3,2,4,2,2,4,3,1,5,3,Technical,Physics,Chemistry,Computer Science,Engineering
3,3,3,4,1,1,2,2,4,3,3,4,Science,Geography,Physics,Computer Science,Agriculture & Environment
5,3,3,3,2,2,4,4,1,3,5,2,Technical,Chemistry,Physics,Computer Science,Engineering
2,3,4,3,4,3,2,5,3,3,5,3,Science,Physics,Chemistry,Maths,Health Sciences
2,5,5,2,4,3,3,2,1,4,4,2,Science,Biology,Maths,Physics,Health Sciences
3,2,3,3,2,4,2,2,5,3,4,2,Science,Physics,Languages,Biology,Agriculture & Environment
4,2,2,2,3,3,4,3,5,3,5,2,Science,Biology,Accounting,Physics,Agriculture & Environment
3,3,5,3,1,3,4,3,1,4,3,4,Science,Chemistry,Physics,Biology,Health Sciences
3,3,5,3,2,2,2,4,2,3,5,3,Science,Literature,Chemistry,Maths,Health Sciences
3,4,4,3,2,3,1,4,3,2,2,2,Science,Maths,Technical Drawing,Physics,Computing & IT
5,4,3,4,4,3,1,4,3,2,5,3,Technical,Maths,Physics,Chemistry,Engineering
5,5,3,3,1,3,2,2,2,2,4,3,Technical,Computer Science,Physics,Chemistry,Engineering
3,2,2,1,5,3,4,2,2,4,1,4,Commercial,History,Computer Science,Technical Drawing,"Arts, Design & Communication"
5,4,2,3,3,3,4,2,3,2,5,3,Technical,Technical Drawing,Physics,Chemistry,Education
2,2,4,1,3,1,3,3,2,4,4,3,Science,Chemistry,Maths,Physics,Health Sciences
3,4,5,3,3,3,3,1,2,3,4,3,Science,Maths,Biology,Accounting,Health Sciences
2,2,3,2,2,4,2,1,2,4,2,5,Science,Literature,Geography,History,Education
3,3,4,4,3,1,3,3,4,5,2,3,Arts,Languages,Computer Science,Geography,Education
3,3,2,2,4,5,3,5,2,1,2,4,Arts,Literature,History,Languages,Education
1,3,3,4,3,2,2,2,4,3,4,4,Commercial,Economics,Maths,Computer Science,Business & Finance
3,2,4,4,1,3,1,2,4,3,3,1,Science,Economics,Physics,Geography,Agriculture & Environment
3,2,5,3,2,4,3,2,2,3,5,4,Science,Maths,Biology,Physics,Business & Finance
3,2,4,3,2,2,3,2,5,3,4,1,Science,Biology,Physics,Maths,Agriculture & Environment
3,1,3,2,5,5,3,3,1,3,4,4,Arts,Technical Drawing,Literature,Computer Science,"Arts, Design & Communication"
3,3,3,2,2,1,1,3,5,2,4,3,Science,Physics,Economics,Biology,Agriculture & Environment
5,2,4,5,2,2,3,2,4,4,3,2,Technical,Biology,Chemistry,Geography,Agriculture & Environment
4,2,4,3,3,3,3,1,3,3,4,2,Commercial,Physics,Chemistry,Geography,Agriculture & Environment
5,5,3,3,1,3,2,5,2,3,4,2,Science,Chemistry,Computer Science,Languages,Engineering
2,3,3,1,3,5,3,5,1,2,3,4,Arts,Technical Drawing,History,Literature,"Arts, Design & Communication"
4,5,2,2,4,3,1,4,3,2,5,1,Technical,Technical Drawing,Physics,Chemistry,Engineering
2,4,4,3,4,2,3,2,2,3,3,5,Arts,Economics,Computer Science,Geography,Law & Political Science
4,2,1,2,2,3,2,3,2,4,1,4,Arts,Physics,History,Languages,Education
5,3,2,1,2,3,4,4,3,2,3,2,Science,Maths,Computer Science,Technical Drawing,Engineering
4,4,3,2,3,3,1,4,1,3,2,4,Science,Technical Drawing,Physics,Geography,Computing & IT
4,4,4,3,4,3,4,3,3,3,5,3,Science,Technical Drawing,Chemistry,Biology,Health Sciences
4,1,2,4,1,2,3,3,5,3,5,1,Commercial,Economics,Geography,Biology,Agriculture & Environment
4,3,1,4,5,1,3,3,2,2,3,3,Commercial,Geography,Languages,Accounting,Business & Finance
3,2,2,2,3,3,1,3,3,3,1,3,Arts,Literature,Languages,Technical Drawing,Business & Finance
4,5,3,3,1,3,3,4,2,3,3,4,Science,Maths,Biology,Computer Science,Engineering
4,4,4,4,2,3,1,4,2,3,2,1,Technical,Physics,Technical Drawing,Maths,Computing & IT
3,3,5,3,3,4,3,4,3,4,4,4,Science,History,Geography,Maths,Education
3,2,4,2,3,2,2,3,4,5,2,4,Science,History,Literature,Geography,Education
2,2,2,3,5,1,2,3,3,2,1,3,Commercial,Accounting,Languages,Geography,Business & Finance
2,2,2,5,5,2,4,2,2,3,4,3,Arts,Geography,Accounting,Physics,Business & Finance
3,4,2,5,4,2,2,2,3,2,2,4,Commercial,Geography,Accounting,Maths,Business & Finance
3,5,3,5,3,3,2,4,4,1,4,2,Science,Computer Science,Technical Drawing,Economics,Computing & IT
4,4,3,4,2,4,1,4,2,1,2,4,Science,Maths,Technical Drawing,Computer Science,Computing & IT
3,2,5,2,3,2,3,2,2,3,5,3,Science,Economics,Biology,Physics,Health Sciences
3,5,3,3,3,5,1,3,3,2,3,4,Science,Economics,Chemistry,Computer Science,Engineering
4,3,5,1,2,3,2,3,3,2,5,3,Arts,Literature,Biology,Maths,Health Sciences
2,4,2,4,4,3,3,1,3,1,1,3,Science,Geography,Maths,Accounting,Business & Finance
3,2,5,2,3,2,3,3,2,5,4,3,Science,Maths,Physics,Geography,Education
4,3,3,5,4,3,2,4,2,1,2,4,Technical,Physics,Technical Drawing,Maths,Computing & IT
2,2,3,3,4,2,5,4,2,2,3,4,Arts,Literature,Languages,Geography,Law & Political Science
1,2,3,3,4,3,3,3,1,2,3,5,Arts,Computer Science,History,Literature,"Arts, Design & Communication"
4,3,3,3,4,2,2,1,2,5,3,5,Arts,Geography,Maths,Biology,Education
2,2,3,5,4,3,3,4,3,3,2,4,Arts,Geography,History,Languages,Law & Political Science
3,4,4,4,3,2,2,2,2,3,3,2,Science,Computer Science,Maths,Technical Drawing,Computing & IT
2,3,2,4,5,2,4,3,2,4,4,4,Commercial,Geography,Accounting,Economics,Business & Finance
3,2,5,2,3,3,1,3,2,4,4,3,Science,Biology,Maths,Physics,Health Sciences
4,1,3,4,2,3,3,3,5,3,5,2,Science,History,Physics,Economics,Agriculture & Environment
3,3,3,2,2,3,3,2,4,2,4,3,Science,Geography,Physics,Biology,Agriculture & Environment
4,3,4,2,3,1,3,3,4,4,3,3,Technical,Chemistry,Geography,Physics,Agriculture & Environment
2,5,4,3,2,3,4,4,3,4,5,3,Science,Biology,Maths,Physics,Health Sciences
5,5,3,4,2,3,3,3,2,2,3,2,Science,Chemistry,Computer Science,Physics,Engineering
5,5,2,3,2,2,2,4,1,2,3,2,Science,Computer Science,Technical Drawing,Maths,Engineering
2,5,3,3,2,4,2,5,3,3,2,2,Science,Literature,Computer Science,Technical Drawing,Computing & IT
2,1,3,2,5,1,5,2,2,4,2,4,Arts,Maths,Literature,Geography,Law & Political Science
4,4,3,3,4,2,2,2,5,3,4,2,Science,Physics,Chemistry,Geography,Agriculture & Environment
2,2,2,2,3,2,2,4,4,4,4,2,Science,Chemistry,Physics,Geography,Agriculture & Environment
3,2,1,4,4,4,4,2,3,4,3,4,Arts,Economics,Languages,Literature,Law & Political Science
2,3,1,2,5,5,2,4,1,1,3,4,Arts,Computer Science,Technical Drawing,Biology,"Arts, Design & Communication"
4,5,1,3,4,4,3,3,2,3,3,3,Commercial,Accounting,Maths,Geography,Business & Finance
2,4,4,2,3,3,3,2,2,4,2,4,Arts,Maths,Languages,Biology,Health Sciences
3,3,4,2,2,2,4,2,2,4,5,3,Science,Chemistry,Maths,Biology,Health Sciences
4,4,3,2,3,3,3,5,1,1,4,4,Science,Physics,Technical Drawing,Chemistry,Engineering
3,2,2,2,3,5,3,4,2,2,3,3,Arts,Accounting,Languages,Literature,"Arts, Design & Communication"
3,5,3,4,2,3,3,5,2,4,3,3,Science,Literature,Physics,Technical Drawing,Computing & IT
3,2,1,4,4,4,2,5,2,2,3,5,Science,Chemistry,Languages,Technical Drawing,"Arts, Design & Communication"
5,5,2,2,4,3,4,4,2,5,3,2,Technical,Maths,Chemistry,Physics,Engineering
2,3,4,2,3,3,2,3,3,4,1,3,Arts,Maths,Geography,Biology,Education
5,5,2,3,4,4,3,4,3,3,5,2,Technical,Physics,Computer Science,Maths,Engineering
3,4,2,4,3,5,4,3,1,2,2,3,Arts,Economics,Accounting,Languages,Business & Finance
4,4,3,4,5,3,3,3,3,2,3,3,Science,Languages,Accounting,Maths,Business & Finance
3,3,3,2,4,4,3,4,3,3,4,4,Arts,Computer Science,Languages,Accounting,"Arts, Design & Communication"
2,3,4,4,3,3,1,3,2,5,3,4,Arts,Economics,Maths,Biology,Education
4,3,3,4,4,3,3,3,1,3,2,4,Science,Physics,Technical Drawing,Maths,Computing & IT
4,3,5,2,2,3,4,2,2,3,4,2,Science,Biology,Geography,Physics,Health Sciences
2,3,1,5,4,2,4,1,3,3,1,4,Arts,Geography,Languages,History,Engineering
3,3,3,5,4,1,2,2,3,1,2,4,Arts,Economics,Accounting,Languages,Business & Finance
3,5,2,3,3,3,1,5,2,3,2,3,Science,Computer Science,Maths,Geography,Computing & IT
3,3,1,3,3,4,3,3,2,2,2,4,Science,Computer Science,Technical Drawing,Physics,Computing & IT
2,4,4,3,4,3,2,2,4,2,3,2,Science,Languages,Physics,Chemistry,Agriculture & Environment
4,4,3,4,4,3,4,3,3,4,2,4,Science,Geography,Economics,Accounting,Business & Finance
2,4,3,5,4,2,1,3,3,3,1,2,Commercial,Accounting,Literature,Maths,Business & Finance
3,4,3,5,4,2,4,1,2,2,2,4,Commercial,Maths,Accounting,Languages,Business & Finance
4,2,1,4,3,1,2,1,5,4,5,3,Commercial,Economics,Maths,Geography,Agriculture & Environment
5,4,2,3,1,3,2,3,3,1,4,3,Technical,Chemistry,Technical Drawing,Physics,Engineering
2,3,3,5,5,1,4,3,1,4,3,3,Commercial,Economics,Geography,Languages,Business & Finance
5,2,4,2,2,2,3,2,4,2,3,2,Science,Biology,Economics,Chemistry,Engineering
4,3,3,3,3,3,4,1,5,1,4,3,Science,Physics,Economics,Biology,Agriculture & Environment
4,3,4,2,5,4,3,4,4,3,2,5,Arts,History,Languages,Maths,"Arts, Design & Communication"
4,2,3,3,3,3,4,2,3,4,5,4,Arts,Literature,Languages,History,Law & Political Science
2,3,3,4,5,4,4,4,5,3,2,4,Arts,Languages,Computer Science,Literature,"Arts, Design & Communication"
3,4,5,2,3,4,2,2,4,3,4,2,Science,Biology,Economics,Physics,Health Sciences
4,3,4,3,4,3,5,2,4,4,1,5,Arts,Geography,Economics,Languages,Law & Political Science
4,4,3,4,2,5,2,4,3,3,3,3,Science,Maths,Computer Science,Physics,Computing & IT
4,2,3,4,3,4,3,2,3,1,4,3,Commercial,Computer Science,History,Literature,"Arts, Design & Communication"
3,4,3,1,3,2,5,3,3,5,1,5,Science,Maths,Literature,History,Education
4,3,3,2,3,4,3,3,2,5,3,5,Arts,Maths,History,Literature,Health Sciences
3,1,3,3,2,2,2,2,5,1,2,3,Technical,Chemistry,Biology,Geography,Agriculture & Environment
1,3,2,4,3,2,3,2,3,2,3,3,Commercial,Maths,Languages,Geography,Business & Finance
2,4,2,3,4,5,3,2,3,3,3,5,Science,Computer Science,History,Literature,"Arts, Design & Communication"
3,3,2,5,4,2,4,3,2,3,2,4,Science,Chemistry,Languages,Economics,Business & Finance
4,2,3,2,4,2,3,3,4,4,3,1,Science,Chemistry,Accounting,Economics,Agriculture & Environment
3,2,2,1,3,4,3,3,3,2,4,4,Arts,Technical Drawing,Languages,Computer Science,"Arts, Design & Communication"
2,3,3,1,2,4,4,5,2,2,3,3,Science,Physics,Technical Drawing,Computer Science,Computing & IT
4,2,3,3,2,1,4,2,5,4,4,3,Science,Biology,Physics,Geography,Agriculture & Environment
3,2,1,1,3,4,1,2,5,3,4,2,Science,Economics,Physics,Geography,Health Sciences
3,2,2,2,4,2,3,3,3,4,3,4,Science,Literature,Geography,Biology,Education
2,2,4,2,3,2,3,2,3,5,2,3,Science,Literature,Maths,History,Education
4,4,4,5,4,2,3,4,3,3,4,1,Arts,Economics,Geography,Languages,Business & Finance
4,2,3,2,3,2,2,1,5,3,3,1,Science,Biology,Geography,Physics,Agriculture & Environment
4,3,4,1,4,4,4,4,2,3,2,4,Science,Computer Science,History,Literature,"Arts, Design & Communication"
3,4,5,2,3,4,3,4,2,5,4,4,Science,Physics,Biology,Accounting,Health Sciences
4,3,4,3,3,2,4,3,3,3,3,5,Arts,Geography,Maths,Literature,Engineering
2,4,3,4,5,3,3,3,4,3,2,3,Commercial,Maths,Economics,Accounting,Business & Finance
4,5,3,1,3,4,2,3,2,2,4,1,Technical,Chemistry,Technical Drawing,Computer Science,"Arts, Design & Communication"
1,4,2,3,4,4,4,2,3,4,3,5,Arts,History,Economics,Geography,Law & Political Science
3,3,1,4,2,3,4,2,5,3,4,2,Science,Geography,Economics,Chemistry,Agriculture & Environment
2,1,2,4,5,2,4,3,3,4,1,5,Science,Geography,History,Languages,Law & Political Science
2,5,3,2,2,2,2,2,2,5,3,3,Commercial,Literature,History,Geography,Business & Finance
4,2,2,3,3,4,5,2,2,3,2,5,Arts,Accounting,Languages,History,"Arts, Design & Communication"
3,3,5,1,3,2,2,3,3,5,3,3,Science,Maths,Physics,Chemistry,Health Sciences
3,3,5,3,2,2,3,1,5,2,3,2,Commercial,Physics,Chemistry,Geography,Agriculture & Environment
4,4,4,5,4,3,3,3,1,1,3,4,Commercial,Maths,Languages,Geography,Business & Finance
2,2,4,3,4,2,5,2,3,4,2,5,Arts,Economics,Literature,Geography,Law & Political Science
4,2,2,3,3,2,2,2,5,2,5,4,Arts,Biology,Economics,Physics,Agriculture & Environment
3,4,2,4,4,2,3,5,2,3,2,3,Technical,Languages,Maths,Computer Science,Computing & IT
2,3,4,2,2,3,1,3,1,5,2,4,Arts,Languages,History,Physics,Education
3,3,5,2,2,1,2,3,3,3,5,3,Technical,Accounting,Physics,Chemistry,Health Sciences
3,4,3,3,4,3,4,4,3,3,4,1,Science,Computer Science,Physics,Technical Drawing,Computing & IT
2,3,4,5,5,2,2,2,2,3,2,3,Commercial,Geography,Languages,Maths,Business & Finance
3,2,4,2,4,3,5,1,3,3,2,5,Arts,Languages,Economics,Geography,Law & Political Science
3,4,2,3,5,3,3,3,2,3,3,3,Commercial,Languages,Accounting,Economics,Education
5,4,2,4,2,2,1,4,2,3,3,3,Science,Computer Science,Physics,Maths,Computing & IT
3,5,2,3,3,3,2,5,4,4,3,3,Technical,Languages,Computer Science,Maths,Computing & IT
3,3,3,1,3,2,3,3,5,5,5,2,Science,Accounting,Physics,Geography,Agriculture & Environment
3,3,3,4,3,3,3,2,5,2,4,2,Science,Geography,Physics,Biology,Agriculture & Environment
4,5,3,2,2,4,2,5,2,2,4,2,Technical,Maths,Technical Drawing,Physics,Engineering
3,2,4,1,4,2,3,3,3,5,2,5,Science,Maths,Geography,Biology,"Arts, Design & Communication"
3,5,2,3,3,2,3,5,1,3,3,3,Science,Computer Science,Physics,Accounting,Computing & IT
3,2,3,2,4,3,1,3,4,2,5,2,Science,Chemistry,Biology,Physics,Agriculture & Environment
1,2,2,3,4,2,3,2,2,3,3,3,Arts,Geography,History,Biology,Agriculture & Environment
2,4,2,3,3,2,5,2,2,3,2,5,Arts,Geography,Languages,Economics,Law & Political Science
4,5,2,3,2,3,2,4,2,2,3,3,Science,Technical Drawing,Computer Science,Physics,Engineering
2,3,2,4,5,4,2,2,4,2,2,4,Technical,Computer Science,History,Technical Drawing,"Arts, Design & Communication"
5,4,3,5,2,3,2,4,2,1,3,2,Science,Technical Drawing,Maths,Computer Science,Computing & IT
3,2,3,4,1,4,2,5,3,3,3,2,Science,Technical Drawing,Biology,Computer Science,Computing & IT
2,2,5,2,4,2,2,3,2,5,3,3,Technical,Maths,Biology,Languages,Education
3,3,1,2,5,5,5,4,2,3,3,4,Arts,Literature,Computer Science,Languages,"Arts, Design & Communication"
2,3,3,4,3,1,5,1,2,3,2,5,Arts,Economics,Literature,History,Law & Political Science
2,3,3,3,1,5,4,4,2,2,2,5,Arts,Computer Science,Literature,History,Agriculture & Environment
3,2,3,4,3,2,5,2,1,3,2,5,Arts,Languages,History,Economics,Law & Political Science
3,1,3,4,2,1,3,2,3,2,5,4,Science,Chemistry,Physics,Economics,Agriculture & Environment
2,3,3,4,4,4,5,2,2,2,2,4,Arts,Literature,Languages,History,Law & Political Science
4,2,3,1,3,1,5,5,3,5,2,5,Arts,Literature,Economics,Languages,Law & Political Science
5,5,3,2,3,1,2,3,1,2,4,3,Science,Chemistry,Biology,Technical Drawing,Engineering
3,3,4,3,5,3,5,2,3,3,2,4,Arts,Languages,Economics,History,Agriculture & Environment
1,2,5,3,2,3,2,3,3,3,5,3,Science,Chemistry,Physics,Maths,Health Sciences
3,3,1,5,4,3,2,2,1,3,2,2,Commercial,Accounting,Computer Science,Economics,Business & Finance
3,2,3,4,4,2,3,4,2,2,2,4,Commercial,Physics,Geography,Maths,Business & Finance
1,3,4,1,2,1,3,4,2,5,3,5,Arts,Biology,Technical Drawing,Literature,Education
5,5,3,2,3,3,1,4,3,2,5,2,Science,Physics,Chemistry,Technical Drawing,Engineering
3,2,1,4,4,5,4,1,2,2,3,2,Commercial,Economics,Languages,Geography,Business & Finance
4,5,2,4,2,3,1,3,5,1,4,2,Science,Physics,Biology,Economics,Agriculture & Environment
5,3,1,2,4,2,2,5,3,3,3,2,Science,Computer Science,Chemistry,Maths,Engineering
2,3,4,3,3,1,2,2,2,5,3,4,Commercial,Literature,Geography,Languages,Computing & IT
2,3,3,1,3,2,2,3,3,5,3,5,Arts,Languages,Biology,Geography,Education
1,3,4,2,4,3,5,3,3,4,1,3,Arts,Languages,Economics,Literature,Education
4,2,5,2,2,4,3,1,3,5,3,4,Arts,History,Biology,Languages,Education
1,4,4,2,1,3,2,2,3,2,4,4,Science,Biology,Maths,Physics,Health Sciences
3,4,4,2,3,3,4,1,2,3,3,3,Science,Physics,Chemistry,Biology,Business & Finance
2,2,2,2,4,2,5,1,2,2,2,5,Arts,Literature,Economics,Languages,Law & Political Science
3,3,3,1,5,5,3,4,3,2,2,3,Commercial,Technical Drawing,History,Languages,"Arts, Design & Communication"
2,1,3,3,4,2,4,4,1,3,4,5,Arts,Economics,Languages,History,Law & Political Science
3,3,2,2,4,2,2,1,2,4,1,5,Arts,Geography,Accounting,Literature,Education
4,3,3,5,5,2,4,1,2,3,3,4,Commercial,Geography,Economics,Accounting,Business & Finance
4,4,3,4,2,1,5,2,2,4,3,5,Arts,Languages,Geography,History,Law & Political Science
4,1,4,4,5,5,4,2,3,1,2,4,Arts,Literature,Languages,Computer Science,"Arts, Design & Communication"
4,2,5,3,3,2,1,3,2,2,3,4,Commercial,Technical Drawing,Physics,Biology,Health Sciences
2,3,5,4,3,3,2,4,1,5,3,3,Commercial,Literature,Maths,History,Education
4,4,2,3,3,3,3,2,4,3,2,5,Commercial,History,Computer Science,Languages,Engineering
3,3,4,2,3,3,1,2,2,4,4,4,Science,Maths,Geography,Literature,Education
3,3,3,3,3,2,3,1,5,1,3,2,Science,Chemistry,Physics,Biology,Agriculture & Environment
2,4,3,5,5,2,2,3,2,2,3,3,Commercial,Accounting,Languages,Chemistry,Business & Finance
2,4,3,4,3,3,5,1,3,3,1,5,Arts,Economics,Literature,History,"Arts, Design & Communication"
5,4,2,2,2,2,3,4,4,1,3,3,Science,Physics,Chemistry,Computer Science,Engineering
2,5,5,3,4,3,1,3,1,4,3,3,Science,Chemistry,Economics,Biology,Health Sciences
3,2,2,3,3,4,4,3,1,2,4,3,Arts,Computer Science,Chemistry,History,Law & Political Science
3,1,5,5,1,2,2,3,4,5,4,4,Arts,Geography,Biology,Literature,Education
3,4,3,2,3,5,5,3,4,1,2,3,Arts,Literature,Computer Science,Technical Drawing,"Arts, Design & Communication"
3,2,3,4,3,3,5,4,4,3,3,2,Arts,Languages,History,Literature,Computing & IT
3,3,2,5,4,5,3,1,2,3,2,4,Commercial,Literature,Computer Science,Technical Drawing,"Arts, Design & Communication"
4,3,3,4,1,4,3,5,2,3,1,1,Technical,Physics,Technical Drawing,Economics,Computing & IT
4,5,2,3,2,3,3,5,5,2,2,3,Technical,Technical Drawing,Computer Science,History,Computing & IT
3,3,4,3,2,2,2,1,3,3,3,5,Science,History,Languages,Biology,Education
4,5,3,3,1,3,2,4,2,2,2,4,Technical,Physics,Biology,Computer Science,Engineering
3,5,5,2,2,2,2,4,3,4,5,5,Science,Chemistry,Biology,Maths,Health Sciences
2,3,4,2,5,2,5,2,2,3,3,4,Arts,Economics,Accounting,Geography,Law & Political Science
2,1,1,2,4,4,3,3,2,3,3,4,Arts,Literature,History,Computer Science,"Arts, Design & Communication"
2,1,2,3,3,2,3,3,3,4,5,3,Arts,Physics,Geography,Chemistry,Agriculture & Environment
3,3,4,1,3,2,3,4,3,4,4,3,Science,Chemistry,Physics,Biology,Health Sciences
3,3,3,3,5,2,5,3,3,3,2,5,Arts,Technical Drawing,Languages,Geography,Law & Political Science
3,3,5,2,2,1,4,4,2,2,4,3,Science,Biology,Chemistry,Maths,Health Sciences
3,2,2,4,5,5,2,5,2,3,3,3,Arts,History,Biology,Languages,"Arts, Design & Communication"
4,3,5,2,3,2,4,1,2,4,1,4,Arts,Maths,Biology,History,Education
5,4,3,4,2,3,2,5,2,3,2,2,Science,Physics,Maths,Technical Drawing,Computing & IT
5,4,2,2,4,3,5,2,3,2,3,4,Arts,History,Languages,Economics,Law & Political Science
3,3,3,3,2,2,4,5,3,3,4,2,Science,Technical Drawing,Computer Science,Physics,Computing & IT
3,3,2,3,3,2,4,2,5,1,4,2,Science,Chemistry,Geography,Physics,Engineering
4,2,2,5,1,1,4,3,4,3,5,1,Commercial,Geography,Biology,Chemistry,Agriculture & Environment
3,2,4,3,3,3,5,3,4,5,2,5,Arts,History,Economics,Languages,Law & Political Science
3,3,4,4,5,3,3,1,3,3,2,4,Arts,Maths,Languages,Geography,Business & Finance
3,2,3,2,4,5,4,4,3,2,3,4,Arts,Computer Science,Technical Drawing,Literature,"Arts, Design & Communication"
3,1,3,3,4,3,4,2,2,2,3,4,Arts,Languages,Geography,Literature,Law & Political Science
5,3,3,3,2,3,4,2,5,3,2,5,Commercial,Chemistry,Geography,Literature,Agriculture & Environment
2,3,3,4,3,2,2,4,4,3,5,2,Science,Chemistry,Economics,Biology,Agriculture & Environment
3,4,4,4,3,3,4,3,3,4,5,3,Science,Physics,Chemistry,Maths,Health Sciences
3,5,2,3,3,4,2,4,2,3,3,3,Commercial,Languages,Physics,Computer Science,Computing & IT
2,2,2,4,3,3,4,2,4,4,1,4,Commercial,Literature,Geography,Economics,Law & Political Science
4,2,4,3,2,3,2,2,5,3,4,3,Science,Physics,Economics,Biology,Agriculture & Environment
4,3,5,2,3,3,3,2,1,4,2,5,Science,Languages,Accounting,Maths,Engineering
1,5,3,2,3,1,3,2,2,5,1,4,Science,Geography,Economics,History,"Arts, Design & Communication"
4,2,3,1,3,3,5,3,3,3,2,4,Arts,Geography,Economics,Literature,Computing & IT
3,2,1,2,2,1,4,4,2,3,1,4,Arts,Languages,Geography,Literature,Agriculture & Environment
2,3,2,5,2,3,3,5,2,1,4,4,Science,Maths,Computer Science,Technical Drawing,Computing & IT
4,3,3,3,2,3,3,4,5,2,4,4,Science,Economics,Chemistry,Geography,Agriculture & Environment
3,5,4,2,3,2,1,2,3,5,1,4,Arts,Languages,Biology,Maths,Education
5,5,2,3,2,2,3,5,3,1,4,2,Science,Technical Drawing,Chemistry,Computer Science,Engineering
4,4,3,4,5,2,3,1,2,3,4,3,Commercial,Economics,Accounting,Languages,Business & Finance
2,2,5,3,3,2,4,5,2,5,2,5,Arts,Geography,Maths,Languages,Education
3,5,3,3,2,3,3,5,4,2,2,1,Science,Physics,Computer Science,Accounting,Computing & IT
3,3,2,4,4,3,5,3,2,4,1,4,Arts,Maths,Languages,Geography,Law & Political Science
4,3,2,3,4,1,5,3,3,3,1,5,Arts,Biology,Geography,Literature,Law & Political Science
3,3,5,3,2,2,2,1,4,3,5,3,Science,Physics,Biology,Maths,Health Sciences
3,5,2,3,1,3,2,3,3,2,4,3,Science,Physics,Maths,Technical Drawing,Computing & IT
4,4,4,4,4,4,3,3,3,2,5,2,Science,Computer Science,Physics,Technical Drawing,Engineering
2,4,3,3,3,3,1,3,2,4,2,4,Technical,Geography,Maths,History,Business & Finance
1,3,3,4,3,3,3,1,4,2,4,2,Arts,Physics,Economics,Chemistry,Agriculture & Environment
5,3,3,3,3,2,1,4,3,4,3,3,Science,Languages,Physics,Maths,Computing & IT
1,3,4,4,3,3,2,3,3,5,3,4,Science,Languages,Literature,History,Education
4,5,3,2,3,4,4,5,2,1,2,2,Technical,Maths,Computer Science,Physics,Computing & IT
5,5,2,3,2,2,4,4,2,3,5,3,Science,Physics,Maths,Computer Science,Engineering
4,4,2,4,1,4,2,4,2,4,2,3,Technical,Maths,Technical Drawing,Physics,Computing & IT
5,5,3,2,4,3,3,4,3,2,3,2,Commercial,Physics,Maths,Chemistry,Engineering
3,2,3,4,2,1,1,3,5,3,4,3,Science,Biology,Maths,Geography,Agriculture & Environment
4,4,4,3,3,3,1,2,4,3,4,2,Science,Economics,Biology,Accounting,Agriculture & Environment
2,3,5,3,2,3,3,2,4,4,4,3,Science,Maths,Chemistry,Physics,Health Sciences
3,1,3,4,2,1,4,2,5,3,5,3,Science,Languages,Physics,Economics,Agriculture & Environment
2,3,5,1,3,5,2,3,2,2,2,4,Arts,History,Literature,Technical Drawing,"Arts, Design & Communication"
3,4,5,3,2,2,2,2,3,2,5,2,Science,Biology,Chemistry,Maths,Health Sciences
2,4,3,2,4,5,5,3,1,3,3,5,Arts,Geography,Technical Drawing,Literature,"Arts, Design & Communication"
2,3,2,4,4,4,2,3,3,2,3,3,Science,Economics,Languages,Accounting,Business & Finance
3,3,3,3,3,1,1,5,3,3,3,3,Commercial,Computer Science,Physics,Biology,Computing & IT
3,3,3,3,2,2,2,2,2,4,3,4,Science,Geography,Maths,Biology,Health Sciences
1,3,1,5,5,2,3,2,3,3,3,3,Commercial,Maths,Accounting,Geography,Business & Finance
2,2,3,5,4,2,4,1,4,4,3,5,Arts,Economics,Literature,History,Education
3,2,4,3,3,2,5,2,3,3,2,3,Arts,Languages,History,Literature,Law & Political Science
5,4,4,2,1,3,1,4,2,3,1,3,Technical,Economics,Computer Science,Physics,Computing & IT
4,5,2,3,4,5,2,4,3,3,4,2,Commercial,Technical Drawing,Maths,Physics,Engineering
3,2,4,4,3,4,5,2,3,4,1,4,Arts,Economics,History,Geography,Law & Political Science
4,5,2,2,3,3,1,4,2,3,3,3,Commercial,Technical Drawing,Computer Science,Maths,Computing & IT
3,2,1,4,3,4,2,5,2,2,4,3,Science,Technical Drawing,Physics,Maths,Computing & IT
3,3,3,4,5,2,5,4,3,3,2,5,Commercial,Technical Drawing,Geography,History,Law & Political Science
4,5,3,3,3,4,2,5,2,3,5,3,Science,Maths,Computer Science,Physics,Engineering
4,5,4,4,5,2,2,5,1,3,3,3,Science,Chemistry,Physics,Computer Science,Computing & IT
2,3,5,3,2,2,3,3,2,2,5,2,Commercial,Technical Drawing,Biology,Maths,Health Sciences
4,4,2,5,3,2,4,2,2,3,2,4,Commercial,Accounting,Economics,Maths,Business & Finance
3,5,3,3,3,2,2,4,2,2,4,2,Science,Computer Science,Technical Drawing,Maths,Computing & IT
2,3,1,4,5,2,4,4,3,2,3,3,Technical,Accounting,Economics,Languages,Business & Finance
4,4,1,5,3,4,3,4,3,2,3,1,Science,Maths,Computer Science,Physics,Computing & IT
4,2,2,1,2,4,4,4,5,2,4,3,Science,Physics,Biology,Technical Drawing,Engineering
3,3,2,5,4,3,3,1,2,4,3,3,Commercial,Geography,Languages,Accounting,Business & Finance
3,3,1,5,3,1,1,3,4,3,4,3,Arts,Accounting,Geography,Economics,Agriculture & Environment
3,3,5,1,1,3,4,3,2,2,5,3,Science,Physics,Maths,Biology,Law & Political Science
3,2,4,3,4,3,4,3,3,4,3,5,Arts,Languages,Technical Drawing,History,Law & Political Science
2,1,2,3,3,4,5,4,4,2,4,5,Commercial,Languages,Technical Drawing,History,"Arts, Design & Communication"
4,2,2,2,4,5,4,3,2,4,1,5,Technical,Technical Drawing,Languages,History,"Arts, Design & Communication"
5,2,3,3,4,1,3,3,4,3,5,3,Commercial,Geography,Physics,Economics,Agriculture & Environment
4,2,4,1,3,4,3,3,5,1,4,3,Science,Biology,Geography,Chemistry,Agriculture & Environment
3,2,4,3,4,3,5,1,2,4,3,4,Technical,Literature,Languages,Geography,Law & Political Science
3,2,2,2,4,5,4,4,2,2,2,3,Arts,Languages,Geography,Computer Science,"Arts, Design & Communication"
2,4,1,4,4,3,3,2,2,4,2,4,Arts,Accounting,Literature,Geography,Law & Political Science
3,2,2,4,3,3,5,3,3,4,3,4,Arts,Languages,Geography,Literature,Law & Political Science
3,3,5,3,2,3,2,2,3,5,5,4,Science,Chemistry,Maths,Physics,Health Sciences
1,3,5,3,2,4,3,3,3,3,4,3,Science,Physics,Biology,Maths,Health Sciences
5,5,2,2,1,3,2,3,2,2,4,3,Science,Physics,Computer Science,Chemistry,Engineering
2,3,4,2,2,3,3,2,5,1,5,3,Commercial,Physics,Biology,Economics,Agriculture & Environment
2,4,5,3,4,3,3,4,3,5,4,3,Science,Chemistry,Maths,Biology,Health Sciences
3,4,3,4,3,3,2,5,2,4,3,3,Technical,Maths,Computer Science,Physics,Computing & IT
2,2,4,2,4,1,3,3,3,5,4,4,Science,Literature,Chemistry,Biology,Health Sciences
3,4,4,2,2,4,3,1,4,3,5,2,Arts,Physics,Chemistry,Economics,Computing & IT
2,2,1,4,2,2,4,3,3,4,2,4,Commercial,Languages,Geography,Accounting,Business & Finance
5,1,3,2,2,2,1,1,5,4,4,3,Science,Chemistry,Physics,Biology,Health Sciences
4,3,3,2,3,3,2,5,1,1,2,3,Science,Physics,Computer Science,Technical Drawing,Computing & IT
4,5,2,3,2,4,5,4,2,3,3,4,Science,Computer Science,Maths,Technical Drawing,Computing & IT
3,2,5,2,3,4,3,2,3,3,3,4,Arts,Technical Drawing,History,Literature,Education
2,3,5,3,5,3,3,2,2,5,2,5,Science,Languages,Biology,Maths,Education
1,4,4,2,3,1,3,3,3,5,1,5,Arts,Geography,Literature,Computer Science,Education
4,5,3,1,2,5,4,4,3,2,4,2,Science,Technical Drawing,Physics,Literature,Engineering
2,4,3,4,4,4,3,4,1,3,3,3,Science,Computer Science,Technical Drawing,Chemistry,Business & Finance
2,3,5,3,5,2,2,3,2,4,3,4,Arts,Languages,Biology,History,Education
2,3,5,2,4,4,2,2,2,5,4,4,Science,Computer Science,Biology,Physics,Health Sciences
3,2,2,3,3,3,1,3,5,4,3,2,Science,Economics,Chemistry,Geography,Agriculture & Environment
2,4,3,4,5,2,5,3,2,4,2,5,Arts,Geography,Economics,History,Business & Finance
2,3,4,2,3,2,2,3,5,2,5,3,Arts,Chemistry,Biology,Physics,Health Sciences
1,3,3,3,3,5,4,4,2,2,2,4,Arts,Technical Drawing,Biology,Languages,"Arts, Design & Communication"
3,3,4,2,2,2,2,2,2,5,2,5,Arts,Literature,Chemistry,Geography,Education
4,5,3,3,3,4,2,4,2,2,4,3,Science,Technical Drawing,Physics,Chemistry,Agriculture & Environment
2,3,3,3,4,3,5,3,1,2,3,4,Arts,History,Computer Science,Languages,Law & Political Science
2,3,1,1,3,4,3,3,3,3,3,5,Arts,Literature,Computer Science,Technical Drawing,"Arts, Design & Communication"
5,4,2,4,2,3,2,2,5,3,4,3,Science,Chemistry,Physics,Economics,Agriculture & Environment
4,1,4,2,2,3,1,3,5,4,3,1,Science,Biology,Computer Science,Physics,Agriculture & Environment
3,1,3,2,4,2,3,2,4,4,2,5,Arts,Literature,Technical Drawing,Economics,Law & Political Science
1,3,3,5,5,3,3,1,2,3,2,3,Arts,Maths,Accounting,Languages,Business & Finance
3,3,2,3,5,3,4,2,4,4,3,4,Arts,Geography,Economics,History,Law & Political Science
3,4,1,4,3,1,3,2,5,2,4,2,Commercial,Languages,Accounting,Economics,Business & Finance
4,4,3,5,5,3,4,3,2,1,3,3,Commercial,Physics,Economics,Maths,Business & Finance
1,4,3,3,4,2,3,2,2,2,2,2,Science,Technical Drawing,Maths,Economics,Business & Finance
2,2,3,1,1,2,2,4,3,3,4,4,Science,Chemistry,Physics,Biology,Health Sciences
4,3,4,2,3,4,3,2,2,5,3,4,Science,Languages,Biology,History,Education
4,4,2,4,3,4,3,5,5,4,3,3,Arts,Maths,Computer Science,Technical Drawing,Law & Political Science
3,4,4,3,3,2,3,3,3,4,2,4,Science,Geography,Languages,Maths,Education
5,5,3,3,1,2,2,5,3,3,3,3,Science,Technical Drawing,Biology,Physics,Computing & IT
4,5,2,3,1,3,2,5,3,1,4,2,Technical,Computer Science,Physics,Chemistry,Health Sciences
4,3,4,2,3,2,2,5,2,2,4,1,Technical,Technical Drawing,Maths,Chemistry,Engineering
3,4,2,2,3,4,4,3,3,3,2,2,Science,Physics,Maths,Technical Drawing,Business & Finance
5,5,2,3,1,3,1,5,4,3,2,3,Science,Accounting,Physics,Maths,Computing & IT
4,4,1,2,3,4,3,4,2,3,4,4,Science,Technical Drawing,Biology,Chemistry,Engineering
3,4,4,2,4,3,4,3,3,2,1,3,Science,Technical Drawing,Computer Science,Maths,Law & Political Science
4,2,4,3,3,2,3,3,5,1,3,2,Science,Geography,Chemistry,Economics,Agriculture & Environment
2,4,4,3,3,1,2,3,1,5,5,4,Science,Biology,Physics,Maths,Health Sciences
3,3,2,2,4,5,4,2,2,2,3,4,Arts,Languages,Technical Drawing,Literature,"Arts, Design & Communication"
5,4,3,3,2,3,1,4,2,3,4,4,Technical,Chemistry,Physics,Computer Science,Engineering
4,3,3,3,3,3,2,2,2,4,3,4,Arts,History,Maths,Languages,Education
1,4,5,3,2,2,2,2,4,5,5,4,Science,Biology,Chemistry,Physics,Health Sciences
3,4,3,3,4,3,4,3,3,3,3,4,Commercial,Economics,Maths,Languages,Business & Finance
4,3,2,3,1,3,2,3,3,3,3,2,Technical,Physics,Technical Drawing,Maths,Computing & IT
5,5,3,4,3,2,1,5,3,3,2,3,Science,Maths,Literature,Physics,Computing & IT
5,4,3,4,4,5,3,4,3,2,4,3,Science,Computer Science,Technical Drawing,Physics,Computing & IT
2,4,2,5,4,2,1,2,2,2,4,3,Commercial,Accounting,Economics,Chemistry,Business & Finance
1,2,3,2,4,2,4,1,2,5,3,4,Arts,Geography,Biology,History,Computing & IT
2,4,5,1,4,3,2,3,2,5,5,4,Science,Maths,Languages,Geography,Education
2,5,3,5,5,3,1,2,2,4,3,2,Science,Accounting,Economics,Languages,Business & Finance
4,3,2,3,2,2,5,4,5,3,3,2,Science,Chemistry,Biology,Physics,"Arts, Design & Communication"
3,2,4,3,3,3,2,1,3,5,3,5,Arts,Maths,History,Literature,Education
3,2,2,2,5,3,5,3,2,4,2,5,Arts,Languages,Literature,Geography,Law & Political Science
2,2,3,4,3,2,4,3,3,4,2,4,Arts,Economics,History,Languages,Law & Political Science
1,5,2,3,3,4,4,2,2,3,3,3,Commercial,Maths,Languages,Accounting,Education
2,4,2,4,4,3,5,4,2,5,1,5,Arts,Literature,Languages,Geography,Law & Political Science
3,3,3,3,2,5,3,2,1,3,1,5,Commercial,History,Languages,Geography,"Arts, Design & Communication"
5,4,2,2,2,3,3,4,2,1,5,2,Technical,Maths,Computer Science,Physics,Engineering
2,2,4,3,2,3,3,2,2,3,4,5,Arts,Geography,Languages,Literature,Education
3,5,5,2,3,5,3,2,3,4,4,4,Science,Chemistry,Biology,Physics,Health Sciences
4,3,3,4,3,3,3,4,4,2,5,2,Science,Economics,Chemistry,Biology,Agriculture & Environment
4,4,1,3,3,2,4,3,1,4,2,3,Technical,Chemistry,Physics,Maths,Engineering
3,5,4,2,4,2,3,3,3,3,4,2,Science,Economics,Maths,Chemistry,Health Sciences
3,2,4,3,2,2,2,3,5,3,4,2,Arts,Geography,Chemistry,Biology,Agriculture & Environment
4,4,3,2,2,4,2,5,3,3,3,2,Science,Physics,Computer Science,Maths,Engineering
3,4,2,2,5,4,3,3,2,3,2,4,Arts,Languages,Literature,History,"Arts, Design & Communication"
5,4,3,2,2,4,4,5,3,2,4,2,Technical,Chemistry,Biology,Maths,Engineering
3,4,2,4,2,4,2,5,2,4,1,3,Commercial,Biology,Technical Drawing,Physics,Computing & IT
3,5,1,2,2,4,3,4,2,2,3,3,Technical,Maths,Computer Science,Physics,Agriculture & Environment
3,2,3,4,3,1,5,3,3,2,1,5,Science,Economics,Languages,Literature,Law & Political Science
5,5,1,4,1,3,4,4,2,3,1,2,Science,Technical Drawing,Physics,Maths,Computing & IT
2,2,2,4,2,2,5,3,3,2,2,5,Arts,Geography,Economics,History,Business & Finance
5,4,2,5,2,2,3,4,3,2,4,3,Science,Physics,Technical Drawing,Chemistry,Computing & IT
2,3,3,4,5,3,4,3,3,4,3,3,Commercial,Geography,Maths,Economics,Education
3,4,3,2,3,2,5,4,2,5,2,4,Arts,Economics,History,Geography,Agriculture & Environment
2,2,2,4,4,4,4,1,3,5,3,5,Science,Literature,Languages,Geography,Law & Political Science
4,2,3,3,1,3,3,3,3,2,5,3,Arts,Physics,Biology,Economics,Agriculture & Environment
4,4,2,2,4,4,3,5,2,1,3,4,Science,Chemistry,Computer Science,Maths,Engineering
3,4,3,3,3,4,3,3,1,5,2,4,Commercial,Literature,History,Biology,Education
3,3,4,2,3,2,3,3,5,3,4,1,Science,Economics,Chemistry,Geography,Agriculture & Environment
4,4,3,3,3,3,3,4,2,2,3,2,Arts,Physics,Maths,Computer Science,Computing & IT
2,3,4,2,3,3,2,2,3,4,3,3,Arts,Languages,Geography,Biology,Education
4,5,2,4,2,4,3,5,2,2,3,2,Science,Physics,Maths,Languages,Computing & IT
2,3,5,2,3,2,3,2,3,4,4,4,Science,Maths,Chemistry,Biology,Health Sciences
2,2,4,2,3,1,2,3,3,4,3,4,Arts,Literature,Languages,Maths,Education
3,4,4,3,3,3,3,5,3,3,1,3,Science,Maths,Technical Drawing,Physics,Computing & IT
4,2,2,5,3,2,5,1,3,3,1,5,Arts,Literature,Languages,Economics,Law & Political Science
2,2,4,2,1,2,3,1,5,1,4,2,Science,Geography,Physics,Chemistry,Agriculture & Environment
3,4,5,3,3,3,4,3,2,5,2,4,Commercial,Maths,Literature,History,Education
3,2,3,2,2,3,2,5,3,2,3,5,Science,Technical Drawing,Maths,Physics,Computing & IT
4,4,3,2,1,5,3,4,4,2,5,2,Science,Computer Science,Physics,Maths,Engineering
4,4,4,2,5,4,2,2,4,5,1,3,Science,Languages,Physics,History,Education
2,4,2,2,3,1,3,3,2,5,3,2,Arts,Economics,Biology,Geography,Education
5,3,3,3,1,3,2,3,3,3,4,3,Science,Chemistry,Technical Drawing,Languages,Engineering
5,5,2,4,4,4,3,4,3,2,3,1,Science,Chemistry,Computer Science,Maths,Engineering
3,4,3,3,5,4,5,1,2,2,3,3,Commercial,Maths,Accounting,Languages,Business & Finance
4,2,1,4,1,2,4,3,5,3,5,4,Technical,Biology,Chemistry,Geography,Agriculture & Environment
4,4,2,3,2,3,3,4,3,4,3,2,Science,Technical Drawing,Computer Science,Biology,Computing & IT
4,5,4,2,4,4,3,5,1,2,2,3,Arts,Physics,Accounting,Technical Drawing,Computing & IT
3,3,5,1,3,1,2,4,1,4,4,3,Science,Maths,Physics,Literature,Health Sciences
2,3,2,3,3,3,3,2,3,5,5,5,Arts,Biology,History,Languages,Education
5,4,3,2,3,2,4,4,3,2,4,1,Science,Maths,Chemistry,Biology,Engineering
3,2,5,2,1,3,2,3,1,3,5,5,Science,Maths,Physics,Chemistry,Health Sciences
2,3,4,2,4,2,4,3,2,5,4,4,Arts,Geography,History,Literature,Education
4,3,5,3,2,3,3,3,1,3,3,4,Science,Biology,Chemistry,Maths,Health Sciences
3,2,2,2,4,4,4,4,4,3,3,4,Arts,Technical Drawing,Languages,History,"Arts, Design & Communication"
2,2,4,3,4,3,3,3,2,5,2,2,Arts,Maths,Literature,Geography,Education
4,4,3,3,3,5,3,4,2,1,4,2,Science,Physics,Computer Science,Technical Drawing,Engineering
1,5,3,4,3,3,4,4,2,4,2,3,Science,Languages,Accounting,Geography,Education
5,4,2,3,2,3,2,2,2,4,4,1,Commercial,Technical Drawing,Chemistry,Physics,"Arts, Design & Communication"
4,3,5,3,3,1,4,3,5,3,4,2,Science,Biology,Physics,Economics,Agriculture & Environment
2,1,1,3,3,5,4,4,3,2,1,4,Science,Computer Science,Literature,Languages,"Arts, Design & Communication"
3,1,3,4,1,3,1,3,5,2,5,2,Science,Chemistry,Physics,Geography,Agriculture & Environment
3,3,3,2,4,3,4,2,2,4,2,4,Arts,Literature,Languages,Computer Science,Law & Political Science
5,5,3,3,3,2,3,4,3,3,4,2,Science,Physics,Maths,History,Engineering
5,5,3,3,3,3,1,5,3,3,2,2,Science,Technical Drawing,Computer Science,Physics,Computing & IT
4,3,3,4,2,3,1,5,3,3,1,4,Science,Technical Drawing,Maths,Languages,Computing & IT
4,3,2,3,3,2,1,2,5,3,3,2,Commercial,Economics,Physics,Geography,Agriculture & Environment
3,3,3,5,5,2,5,2,2,2,1,4,Arts,History,Economics,Geography,Law & Political Science
3,4,2,3,3,1,1,4,2,3,2,3,Science,Languages,Maths,Technical Drawing,Computing & IT
5,4,3,3,2,3,3,4,4,3,4,2,Science,Chemistry,Maths,Computer Science,Engineering
2,2,3,2,4,2,4,4,3,5,2,4,Arts,Biology,Geography,Physics,Education
5,5,4,1,3,4,1,4,2,1,4,3,Technical,Technical Drawing,Maths,Physics,Engineering
4,5,4,2,3,4,3,4,3,2,4,4,Technical,Computer Science,Physics,Technical Drawing,Engineering
4,3,2,4,3,3,2,3,2,3,2,2,Science,Maths,Physics,Technical Drawing,Computing & IT
2,3,5,3,4,2,3,2,3,5,3,5,Science,Literature,Geography,Technical Drawing,Education
3,4,4,2,3,4,4,3,3,5,5,1,Science,Physics,Maths,Chemistry,Health Sciences
2,4,5,2,4,3,3,2,3,4,4,2,Science,History,Maths,Literature,Education
3,3,4,2,5,4,3,2,2,5,1,3,Commercial,History,Biology,Literature,Education
3,2,3,2,3,3,2,2,4,3,5,2,Science,Biology,Chemistry,Physics,Engineering
2,2,2,2,3,2,3,3,5,2,5,3,Science,Chemistry,Economics,Biology,Agriculture & Environment
2,3,1,2,3,5,4,3,2,3,3,5,Arts,History,Languages,Computer Science,"Arts, Design & Communication"
5,5,2,2,5,3,3,3,3,2,4,4,Science,Geography,Maths,Chemistry,Engineering
4,2,3,2,2,2,3,3,2,3,4,4,Science,Chemistry,Maths,Biology,Health Sciences
5,4,1,4,3,3,2,4,2,1,5,2,Commercial,Maths,Chemistry,Technical Drawing,Engineering
3,1,3,2,5,5,2,3,2,1,2,5,Arts,Computer Science,Literature,Languages,"Arts, Design & Communication"
3,2,2,4,3,2,3,3,5,3,5,3,Commercial,Biology,Chemistry,Physics,Computing & IT
3,3,4,3,5,4,3,3,3,5,2,4,Science,Literature,Biology,History,Education
3,3,2,3,4,2,5,2,3,2,2,3,Arts,Languages,Geography,Literature,Law & Political Science
2,2,1,4,5,2,3,3,3,3,2,4,Science,Accounting,Geography,Maths,Business & Finance
5,5,2,3,2,5,3,5,3,3,2,2,Science,Technical Drawing,Physics,Maths,Computing & IT
4,3,2,5,3,2,4,3,5,3,5,2,Science,Geography,Biology,Physics,Agriculture & Environment
2,3,4,3,2,3,2,2,2,3,5,3,Science,Chemistry,Computer Science,Maths,Health Sciences
2,2,2,3,4,4,3,2,3,4,3,5,Arts,History,Geography,Economics,Business & Finance
4,3,4,3,4,2,4,4,3,3,2,3,Arts,Chemistry,Geography,Economics,Law & Political Science
2,2,3,4,3,1,4,2,2,5,3,4,Science,Languages,Maths,Biology,Education
2,5,1,2,4,5,2,3,4,3,4,2,Science,Maths,Computer Science,Physics,Business & Finance
5,5,3,2,3,3,2,4,1,3,5,2,Science,Computer Science,Physics,Chemistry,Education
5,4,2,3,3,4,4,4,2,2,4,4,Commercial,Chemistry,Maths,Computer Science,Engineering
3,3,2,4,2,3,2,5,2,4,4,2,Science,Maths,Technical Drawing,Computer Science,Computing & IT
2,2,3,3,3,2,3,4,4,3,3,2,Science,Technical Drawing,Geography,Chemistry,Agriculture & Environment
3,2,3,1,3,1,4,1,2,5,2,4,Arts,Biology,Languages,History,Education
3,3,3,2,4,3,5,2,2,5,3,4,Arts,Literature,History,Economics,Agriculture & Environment
2,1,3,2,3,5,2,4,3,2,2,5,Commercial,Literature,Technical Drawing,Computer Science,"Arts, Design & Communication"
4,5,3,3,2,4,2,4,2,3,4,2,Science,Physics,Computer Science,Technical Drawing,Engineering
2,4,4,3,2,3,4,2,3,5,4,3,Science,Chemistry,Technical Drawing,Maths,Health Sciences
4,5,2,4,4,3,2,5,4,2,2,2,Science,Technical Drawing,Computer Science,Maths,Computing & IT
3,3,2,4,4,2,3,2,2,2,3,3,Technical,Chemistry,Economics,Accounting,Business & Finance
1,4,3,1,4,5,3,4,4,3,2,5,Arts,History,Languages,Technical Drawing,"Arts, Design & Communication"
4,1,3,3,3,2,4,2,5,3,5,3,Commercial,Physics,Maths,Geography,Agriculture & Environment
2,4,5,2,3,3,3,1,3,4,3,3,Science,Maths,Chemistry,Biology,Health Sciences
3,3,5,3,3,4,2,5,3,2,4,2,Science,Biology,Computer Science,Technical Drawing,Computing & IT
2,3,3,1,2,5,2,4,2,5,2,4,Science,Maths,History,Biology,Education
4,4,1,4,3,4,2,5,3,4,2,2,Science,Physics,Computer Science,Technical Drawing,Computing & IT
3,3,4,2,5,2,5,2,4,4,2,5,Arts,Geography,Languages,Computer Science,Law & Political Science
2,3,4,3,2,2,2,2,5,2,5,3,Science,Geography,Biology,Chemistry,Agriculture & Environment
3,2,2,2,3,4,1,3,2,3,3,5,Arts,Technical Drawing,Economics,Literature,"Arts, Design & Communication"
4,2,3,3,3,3,3,3,3,1,4,3,Science,Physics,Geography,Economics,Health Sciences
3,2,4,2,4,4,5,4,4,2,2,4,Technical,Literature,Technical Drawing,Computer Science,"Arts, Design & Communication"
5,5,2,3,2,4,4,5,3,2,3,1,Science,Computer Science,Physics,Maths,Computing & IT
4,3,4,1,2,2,2,1,5,3,3,3,Arts,Biology,Maths,Economics,Agriculture & Environment
2,3,3,3,5,2,5,3,4,4,2,5,Science,Geography,Literature,History,Law & Political Science
1,3,3,3,3,3,5,2,3,3,3,4,Commercial,Economics,Biology,Languages,Law & Political Science
5,5,4,4,2,3,3,5,3,2,3,2,Technical,Technical Drawing,Maths,Chemistry,Engineering
3,3,4,4,2,3,2,5,4,3,3,3,Technical,History,Technical Drawing,Maths,Computing & IT
3,4,2,2,3,1,4,3,3,4,2,4,Arts,Literature,History,Languages,Law & Political Science
1,3,1,4,3,2,3,5,3,2,3,3,Science,Technical Drawing,Computer Science,Biology,Computing & IT
3,2,5,3,2,3,3,2,4,3,5,3,Science,Chemistry,Physics,Maths,Health Sciences
2,3,2,5,4,3,3,3,3,2,2,5,Commercial,Maths,Accounting,Economics,Business & Finance
4,2,2,1,4,3,2,3,4,3,3,2,Arts,Chemistry,Physics,Economics,Agriculture & Environment
3,2,4,2,3,4,3,3,3,4,4,3,Arts,Languages,Literature,Maths,Education
5,3,4,3,2,3,3,2,4,3,5,1,Science,Physics,Biology,Economics,Agriculture & Environment
3,3,5,2,4,3,2,2,2,3,3,3,Science,History,Physics,Chemistry,Health Sciences
3,2,3,2,3,2,4,4,3,2,3,4,Arts,Geography,Economics,History,Law & Political Science
4,5,4,2,2,2,4,3,2,3,4,3,Technical,History,Computer Science,Maths,Agriculture & Environment
2,5,2,4,2,2,1,5,3,2,3,1,Science,Computer Science,Accounting,Maths,Computing & IT
3,3,3,4,4,2,3,1,3,1,5,4,Commercial,Maths,Languages,Economics,Business & Finance
4,3,4,2,3,3,3,3,3,3,4,2,Technical,Maths,Chemistry,Physics,Engineering
2,3,2,2,3,4,4,5,2,3,1,3,Arts,Literature,Accounting,Computer Science,"Arts, Design & Communication"
2,3,5,2,3,3,3,3,1,3,5,3,Science,Maths,Physics,Biology,Health Sciences
2,5,3,5,5,3,4,4,2,3,2,3,Commercial,Computer Science,Languages,Economics,Business & Finance
2,2,2,4,3,2,4,3,2,2,4,4,Commercial,Geography,Languages,Maths,Business & Finance
4,4,3,3,4,2,3,4,2,2,2,2,Science,Maths,Technical Drawing,Computer Science,Computing & IT
3,5,3,2,4,2,1,3,2,4,4,2,Technical,Maths,Computer Science,Chemistry,Computing & IT
3,4,4,3,4,3,3,4,1,3,3,1,Technical,Physics,Computer Science,Maths,Computing & IT
3,3,3,5,5,2,3,3,2,3,2,3,Commercial,Accounting,Maths,Economics,Business & Finance
4,4,4,2,2,3,3,2,3,4,5,4,Science,Maths,Economics,Chemistry,Health Sciences
3,4,3,4,4,4,3,2,3,4,2,3,Science,Maths,Economics,Accounting,Business & Finance
5,4,1,2,1,4,4,4,4,3,4,2,Science,Chemistry,Biology,Maths,Engineering
3,3,4,3,3,3,2,3,2,4,5,1,Science,Physics,Maths,Chemistry,Health Sciences
3,2,1,2,3,4,3,3,3,3,1,3,Arts,Literature,Technical Drawing,History,Engineering
3,5,5,2,3,2,3,2,2,5,5,4,Science,Maths,Biology,History,Health Sciences
4,3,4,3,2,2,3,2,1,5,5,3,Technical,Chemistry,Biology,Maths,Health Sciences
3,3,5,1,3,3,3,1,1,4,3,4,Commercial,Geography,History,Biology,Education
2,4,4,1,2,3,4,1,3,4,4,4,Science,Maths,Technical Drawing,Physics,Health Sciences
3,2,2,2,2,3,2,3,5,4,4,3,Science,Biology,Physics,Accounting,Agriculture & Environment
1,2,5,3,2,4,3,2,3,5,3,4,Science,Maths,Physics,Biology,Health Sciences
1,4,3,3,3,2,5,3,2,3,3,4,Commercial,Chemistry,History,Literature,Law & Political Science
3,3,4,2,3,1,3,2,3,4,5,4,Science,Maths,Chemistry,Literature,Health Sciences
3,3,3,2,3,5,5,3,3,2,2,4,Commercial,Technical Drawing,History,Languages,"Arts, Design & Communication"
2,5,2,5,1,3,3,5,3,1,4,3,Science,Technical Drawing,Literature,Computer Science,Computing & IT
2,3,4,5,5,4,3,3,3,1,4,2,Commercial,Geography,Languages,Accounting,Business & Finance
3,3,1,5,3,3,3,1,2,3,3,4,Science,Languages,Economics,Accounting,Business & Finance
3,3,1,3,4,1,5,2,3,3,2,5,Commercial,Economics,Literature,Computer Science,Law & Political Science
3,3,4,3,3,1,4,2,3,3,2,4,Arts,Languages,Maths,Geography,Education
3,2,3,1,4,5,3,4,2,2,2,5,Arts,Languages,Literature,Computer Science,"Arts, Design & Communication"
3,2,4,2,3,3,2,3,2,4,2,3,Arts,Geography,Biology,Literature,Education
4,4,3,3,3,3,2,5,1,2,1,3,Science,Computer Science,Maths,Physics,Computing & IT
3,3,2,5,4,2,4,2,2,3,3,4,Commercial,Economics,Languages,Geography,Agriculture & Environment
1,5,4,3,5,3,3,3,3,3,2,4,Commercial,Geography,Literature,Accounting,Business & Finance
2,2,3,3,5,4,2,2,1,2,3,4,Science,Economics,Geography,Languages,Business & Finance
3,3,2,4,5,2,4,2,2,2,2,4,Commercial,Maths,Accounting,Geography,Business & Finance
4,3,5,3,3,3,3,2,1,3,3,1,Arts,Computer Science,Physics,Biology,Health Sciences
3,3,3,2,3,3,4,2,2,3,4,4,Science,Biology,Chemistry,Maths,Health Sciences
5,4,4,3,1,3,2,4,2,3,5,3,Science,Computer Science,Chemistry,Physics,Engineering
2,3,3,3,3,5,3,3,3,1,3,4,Arts,Computer Science,History,Geography,"Arts, Design & Communication"
2,4,3,2,4,3,2,3,1,5,2,4,Technical,History,Biology,Geography,Education
2,3,2,4,4,2,3,3,2,3,1,5,Arts,Languages,Literature,Geography,Law & Political Science
3,3,5,3,3,3,1,1,4,3,5,1,Science,Geography,Chemistry,Economics,Agriculture & Environment
2,3,2,3,4,2,5,3,2,3,2,3,Arts,History,Languages,Literature,Law & Political Science
2,5,5,2,3,3,2,3,2,3,4,2,Technical,Maths,Chemistry,Physics,Health Sciences
3,4,3,5,5,1,4,2,4,2,3,4,Arts,Economics,Accounting,Geography,Business & Finance
3,5,1,3,4,1,3,3,4,3,2,1,Technical,Languages,Economics,Accounting,Computing & IT
3,3,4,1,4,5,3,4,3,3,4,4,Arts,Computer Science,Languages,History,"Arts, Design & Communication"
3,3,4,3,4,1,3,3,4,3,4,2,Science,Economics,Chemistry,Biology,Agriculture & Environment
2,3,2,3,5,3,5,4,3,5,3,5,Commercial,Languages,Geography,Physics,Law & Political Science
4,2,4,3,2,3,2,3,4,2,4,2,Technical,Geography,Biology,Languages,Agriculture & Environment
4,1,3,3,2,3,4,4,5,2,4,2,Commercial,Languages,Physics,Geography,Agriculture & Environment
3,4,4,4,3,2,2,3,4,2,4,2,Technical,Biology,Economics,Chemistry,Agriculture & Environment
4,4,2,3,2,3,3,4,2,3,3,4,Science,Chemistry,Maths,Computer Science,Law & Political Science
4,3,2,4,3,4,4,3,4,3,2,1,Technical,Maths,Technical Drawing,Physics,Computing & IT
5,5,2,3,2,2,3,5,1,3,2,2,Science,Technical Drawing,Physics,Computer Science,Computing & IT
2,2,3,1,3,4,5,3,2,2,2,3,Commercial,Literature,Computer Science,History,"Arts, Design & Communication"
4,4,2,2,3,5,2,3,3,1,4,2,Technical,Maths,Computer Science,Physics,Engineering
4,3,2,4,2,3,3,4,3,1,2,3,Science,Maths,Physics,Technical Drawing,Computing & IT
2,2,2,3,3,4,2,4,1,3,4,5,Science,Technical Drawing,Literature,Computer Science,"Arts, Design & Communication"
1,4,5,2,2,3,3,1,1,4,5,3,Science,Chemistry,Biology,Physics,Agriculture & Environment
3,2,1,3,2,3,1,2,5,4,5,4,Commercial,Biology,History,Geography,Health Sciences
3,4,4,2,3,3,3,3,5,1,3,2,Science,Literature,Geography,Economics,Agriculture & Environment
2,3,3,3,5,3,4,2,4,3,3,5,Arts,Languages,History,Technical Drawing,Law & Political Science
4,4,3,5,3,3,3,3,3,2,4,4,Commercial,Accounting,Maths,Languages,Health Sciences
2,4,5,3,2,1,3,3,3,3,3,4,Science,Computer Science,Physics,Chemistry,Health Sciences
4,3,2,2,2,2,3,4,2,2,4,2,Science,Computer Science,Technical Drawing,Physics,Health Sciences
4,5,2,1,4,3,4,4,2,3,4,1,Science,Physics,Chemistry,Computer Science,Engineering
2,2,3,3,5,3,5,4,1,5,2,5,Science,Economics,Geography,Literature,Law & Political Science
5,3,3,1,3,3,4,3,2,2,4,2,Science,Chemistry,Computer Science,Physics,Engineering
2,2,3,3,3,3,4,2,4,3,5,2,Arts,Economics,Physics,Biology,Agriculture & Environment
2,3,4,1,3,3,4,2,3,5,1,4,Arts,Languages,History,Geography,Law & Political Science
2,3,5,2,4,4,1,3,3,4,4,3,Science,Physics,Chemistry,Technical Drawing,Health Sciences
4,3,5,2,3,3,3,4,2,2,3,4,Science,Biology,Physics,Maths,Law & Political Science
2,2,3,2,2,1,2,4,3,5,3,4,Commercial,Languages,Biology,Maths,Education
3,3,2,2,4,5,3,4,2,2,3,4,Technical,Literature,Geography,Languages,"Arts, Design & Communication"
2,2,4,2,4,1,3,1,1,5,2,5,Commercial,Geography,Languages,Maths,Education
2,4,4,2,2,2,3,3,4,3,4,4,Science,Physics,Biology,Maths,Health Sciences
2,3,3,2,2,2,2,1,3,4,5,2,Science,Chemistry,Biology,Accounting,Health Sciences
3,4,5,4,1,3,3,3,1,5,3,3,Commercial,Biology,Chemistry,Maths,Health Sciences
2,3,4,3,5,3,2,1,3,5,4,2,Commercial,Biology,Technical Drawing,Maths,Education
2,4,4,3,2,1,3,2,4,2,4,3,Science,Economics,Physics,Chemistry,Agriculture & Environment
2,2,2,2,3,3,5,3,1,3,3,5,Arts,Maths,Literature,Geography,Law & Political Science
3,5,3,5,5,2,3,2,1,1,2,2,Commercial,Chemistry,Maths,Economics,Business & Finance
3,4,2,2,1,3,2,3,1,3,5,4,Science,Physics,Maths,Chemistry,Health Sciences
3,3,2,4,2,2,2,3,5,3,4,2,Science,Economics,Geography,Physics,Agriculture & Environment
2,4,3,4,5,3,5,4,2,3,3,3,Commercial,Geography,Maths,Biology,Business & Finance
5,3,2,3,3,3,3,3,4,3,3,2,Technical,History,Maths,Physics,Engineering
4,5,2,3,1,3,3,4,3,3,2,3,Science,Computer Science,Technical Drawing,Maths,Computing & IT
5,3,2,2,3,5,1,3,1,3,4,4,Technical,Accounting,Physics,Chemistry,Engineering
1,4,3,3,4,5,5,4,2,2,2,4,Arts,Computer Science,Languages,Literature,"Arts, Design & Communication"
3,5,2,4,5,2,3,1,3,1,2,4,Arts,Geography,Accounting,Biology,Business & Finance
3,3,1,4,2,2,2,4,3,1,2,2,Science,Physics,Economics,Biology,Agriculture & Environment
5,1,3,1,2,3,2,1,5,1,5,2,Science,Physics,Geography,Chemistry,Agriculture & Environment
1,2,5,1,3,2,3,3,3,4,5,3,Science,Chemistry,Biology,Physics,Health Sciences
3,5,4,4,5,2,3,4,2,3,2,3,Technical,Chemistry,Economics,Maths,Business & Finance
3,5,5,2,3,4,2,3,1,5,2,5,Arts,Literature,Maths,Geography,Education
3,4,2,5,5,2,5,2,2,3,3,4,Commercial,Accounting,Geography,Maths,Business & Finance
3,1,4,4,3,3,4,4,5,3,4,2,Science,Physics,Biology,Economics,Agriculture & Environment
3,4,1,4,5,2,4,3,2,2,4,5,Science,Geography,Maths,Economics,Business & Finance
2,4,4,3,3,2,3,2,2,5,4,3,Science,Biology,Physics,Literature,Health Sciences
3,2,2,4,2,2,3,4,5,2,4,4,Science,Economics,Technical Drawing,Chemistry,Agriculture & Environment
3,4,3,4,4,2,3,3,3,3,2,3,Commercial,Maths,Economics,Geography,Business & Finance
2,4,1,4,4,4,2,5,2,1,2,2,Science,Technical Drawing,Maths,Physics,Computing & IT
3,1,2,2,4,5,2,3,2,2,2,4,Commercial,Computer Science,History,Technical Drawing,"Arts, Design & Communication"
3,3,3,5,2,3,3,3,3,3,4,3,Commercial,Economics,Accounting,Geography,Business & Finance
5,5,2,1,1,3,3,3,3,3,4,1,Science,Maths,Computer Science,Technical Drawing,Engineering
4,4,3,2,5,3,4,5,3,2,4,5,Arts,Literature,Computer Science,Languages,"Arts, Design & Communication"
5,3,2,3,2,1,3,1,3,2,4,3,Technical,Geography,Economics,Biology,Health Sciences
3,5,2,3,4,2,2,4,3,3,1,2,Science,Technical Drawing,Physics,Computer Science,Computing & IT
3,4,2,3,2,3,3,4,3,3,2,2,Science,Maths,Computer Science,Physics,Computing & IT
2,4,3,2,3,3,2,1,4,4,3,4,Science,Chemistry,Geography,Biology,Education
4,5,3,2,3,2,4,4,3,2,1,1,Commercial,Computer Science,Physics,Maths,Business & Finance
3,2,4,3,1,2,1,2,5,3,4,2,Commercial,Maths,Geography,Biology,Agriculture & Environment
3,2,3,2,3,3,3,1,1,5,2,3,Technical,Maths,Biology,Geography,Education
2,2,3,2,4,5,4,2,5,2,4,2,Technical,Languages,History,Computer Science,"Arts, Design & Communication"
2,5,1,3,2,3,3,4,2,2,3,3,Technical,Computer Science,Maths,Technical Drawing,Computing & IT
3,3,5,2,4,2,2,1,3,5,5,4,Science,Maths,Economics,Biology,Health Sciences
3,2,3,4,1,3,3,3,5,3,4,2,Science,Biology,Physics,Geography,Agriculture & Environment
3,2,2,2,4,2,4,4,2,4,3,5,Commercial,History,Economics,Languages,Law & Political Science
4,5,3,3,4,4,2,5,3,3,4,3,Science,Computer Science,Physics,Technical Drawing,Engineering
2,3,3,3,4,3,1,2,2,4,4,4,Science,Maths,Literature,Chemistry,Education
3,3,4,1,5,2,2,3,3,4,4,3,Science,Chemistry,Geography,Physics,Health Sciences
2,4,2,3,5,3,4,3,3,2,4,4,Commercial,History,Languages,Geography,Law & Political Science
2,4,3,5,5,3,4,2,4,2,2,3,Arts,Maths,Languages,Accounting,Business & Finance
3,2,3,1,5,5,3,4,2,2,3,4,Arts,Geography,Technical Drawing,Literature,"Arts, Design & Communication"
3,4,4,3,2,3,2,2,2,4,4,4,Science,Maths,Biology,History,Education
1,3,5,3,2,1,3,4,2,3,4,4,Science,Chemistry,Maths,Biology,Health Sciences
2,5,4,3,3,3,5,5,2,2,1,3,Science,Physics,Technical Drawing,Computer Science,Computing & IT
4,2,4,3,2,4,3,2,3,3,4,2,Science,Geography,Biology,Physics,Agriculture & Environment
4,2,5,4,4,3,2,3,3,3,2,4,Science,Technical Drawing,Geography,Languages,Education
4,4,2,3,3,3,2,2,5,3,4,3,Technical,Physics,Chemistry,Biology,Agriculture & Environment
3,3,3,5,4,1,3,2,2,2,2,2,Technical,Geography,Maths,Economics,Business & Finance
3,3,2,2,2,3,3,3,2,4,4,2,Science,Chemistry,Biology,Maths,Engineering
3,5,2,4,4,2,3,3,2,3,2,4,Commercial,Geography,Economics,Accounting,Business & Finance
2,5,4,1,3,4,2,2,4,4,2,5,Science,Biology,Languages,Literature,Education
4,3,4,3,4,2,4,1,4,3,4,2,Science,Geography,Chemistry,Physics,Agriculture & Environment
2,1,2,3,4,4,5,3,2,3,3,5,Arts,Geography,History,Economics,Law & Political Science
5,5,3,1,1,3,2,4,2,2,2,3,Science,Computer Science,Chemistry,Technical Drawing,Engineering
5,5,3,2,3,3,3,4,3,3,3,2,Science,Physics,Technical Drawing,Computer Science,Engineering
5,5,3,2,2,3,3,2,2,2,4,4,Technical,Chemistry,Accounting,Computer Science,Engineering
3,3,3,3,2,2,3,3,2,3,4,2,Science,Maths,Chemistry,Biology,Health Sciences
3,3,3,5,4,4,5,2,3,4,2,4,Arts,Geography,Literature,History,Agriculture & Environment
2,2,2,4,5,3,3,3,3,1,1,2,Commercial,Maths,Languages,Accounting,Business & Finance
5,5,2,3,3,2,2,3,2,4,4,2,Science,Maths,Technical Drawing,Chemistry,Engineering
5,4,3,4,1,2,1,5,2,5,2,3,Science,Maths,Technical Drawing,Computer Science,Computing & IT
5,4,3,2,3,2,2,3,2,3,4,1,Science,Chemistry,Biology,Physics,Engineering
1,3,2,3,4,4,5,4,3,4,2,4,Arts,Geography,Literature,Languages,Law & Political Science
2,2,4,2,1,2,2,2,5,2,5,2,Science,Physics,Biology,Chemistry,Agriculture & Environment
2,2,4,3,4,5,2,3,1,3,4,3,Commercial,History,Literature,Languages,"Arts, Design & Communication"
4,5,2,4,2,4,2,4,2,2,3,2,Science,Maths,Computer Science,Physics,Computing & IT
3,2,4,3,2,3,3,3,2,5,3,4,Commercial,Geography,Computer Science,Languages,Education
5,4,2,3,3,2,3,3,2,3,5,2,Science,Computer Science,Physics,Technical Drawing,Engineering
5,2,3,3,2,5,2,3,5,3,4,3,Science,Biology,Economics,Geography,Agriculture & Environment
2,3,2,4,3,3,5,1,5,4,3,4,Arts,History,Languages,Geography,Law & Political Science
5,3,3,4,3,4,3,4,3,4,3,2,Science,Computer Science,Physics,Maths,Education
2,2,3,3,2,3,3,3,5,2,4,2,Science,Chemistry,Physics,Economics,Education
4,4,3,3,4,3,2,4,3,4,3,2,Science,Technical Drawing,History,Computer Science,Computing & IT
3,4,3,5,4,1,3,2,2,1,2,3,Science,Languages,Economics,Geography,Business & Finance
1,4,2,4,5,2,2,3,2,1,2,5,Commercial,Languages,Geography,Accounting,Health Sciences
2,4,5,3,2,3,2,3,2,3,5,2,Science,Physics,Maths,Chemistry,Health Sciences
3,3,2,2,4,4,3,2,3,2,3,5,Commercial,Languages,Computer Science,History,"Arts, Design & Communication"
2,2,4,1,2,3,4,4,2,2,3,5,Commercial,Computer Science,History,Languages,"Arts, Design & Communication"
3,2,4,2,4,4,3,3,2,1,3,3,Arts,Computer Science,Literature,Languages,Computing & IT
3,2,4,3,3,3,3,3,3,4,4,2,Science,Physics,Maths,Chemistry,Health Sciences
3,3,2,5,2,3,2,2,5,2,4,2,Science,Economics,Physics,Geography,Agriculture & Environment
3,2,3,5,2,3,2,2,5,1,5,2,Arts,Economics,Biology,Languages,Agriculture & Environment
2,4,2,3,3,1,5,4,3,4,3,4,Science,Geography,Economics,Languages,Law & Political Science
3,4,1,4,5,2,2,3,3,3,3,2,Commercial,Languages,Geography,Maths,Business & Finance
2,3,4,1,3,4,2,4,3,4,3,4,Science,History,Biology,Maths,Education
2,4,2,5,3,3,5,3,2,1,2,4,Science,Maths,Economics,Languages,Business & Finance
4,5,3,2,2,3,4,4,2,3,3,4,Science,Biology,Technical Drawing,Chemistry,Engineering
2,3,4,3,3,3,1,3,2,3,3,5,Arts,Computer Science,History,Geography,Education
2,1,2,4,5,2,5,3,1,4,3,2,Arts,Literature,History,Economics,Health Sciences
5,5,3,5,2,2,3,3,3,3,3,4,Science,Maths,Technical Drawing,Physics,Computing & IT
4,4,3,4,3,4,3,3,3,2,4,2,Science,Maths,Physics,Computer Science,Engineering
3,3,5,3,1,3,4,1,3,5,4,5,Science,Maths,Physics,Chemistry,Health Sciences
1,4,1,5,4,2,2,2,2,2,3,4,Commercial,Economics,Accounting,Maths,Business & Finance
2,2,3,3,5,5,2,2,2,2,2,5,Arts,Economics,Literature,Technical Drawing,"Arts, Design & Communication"
4,2,3,3,3,4,3,4,2,4,2,5,Arts,Computer Science,Technical Drawing,Literature,"Arts, Design & Communication"
3,1,1,3,4,2,4,2,3,4,3,4,Arts,History,Physics,Literature,Law & Political Science
4,4,4,4,2,1,3,2,5,2,5,1,Science,Literature,Geography,Physics,Agriculture & Environment
2,4,2,3,5,2,5,3,3,4,2,4,Arts,History,Physics,Literature,Education
3,4,4,1,2,4,2,3,3,5,3,3,Science,History,Biology,Languages,Education
3,4,2,4,3,2,3,3,4,2,3,2,Science,Physics,Maths,Computer Science,Education
2,1,2,1,4,5,3,3,2,2,3,5,Arts,Physics,Literature,Computer Science,"Arts, Design & Communication"
1,3,4,2,4,3,2,2,2,4,4,5,Science,Biology,Maths,Physics,Health Sciences
2,1,3,4,2,2,5,2,1,3,2,3,Arts,Literature,Languages,Biology,Business & Finance
5,3,3,3,2,5,1,5,3,1,5,2,Science,Maths,Physics,Literature,Engineering
3,3,5,3,4,1,2,4,4,5,4,5,Science,Languages,Geography,Maths,Education
4,3,4,3,3,3,2,2,5,2,4,4,Arts,Physics,Economics,Biology,Agriculture & Environment
4,3,2,4,3,3,1,1,4,4,4,1,Science,Geography,Physics,Chemistry,Agriculture & Environment
3,3,4,3,4,2,1,3,3,5,2,4,Arts,Literature,Maths,Biology,Engineering
2,3,5,4,3,2,3,3,2,3,4,4,Science,Biology,Physics,Maths,Health Sciences
2,3,2,5,4,5,3,4,3,4,1,4,Arts,Languages,Computer Science,History,Business & Finance
3,5,3,4,5,2,2,3,2,3,3,3,Commercial,Accounting,Maths,Physics,Business & Finance
3,3,3,3,4,2,4,1,3,5,4,4,Arts,History,Economics,Languages,Law & Political Science
3,3,5,3,2,3,2,1,3,5,3,5,Science,Geography,Biology,Literature,"Arts, Design & Communication"
3,3,3,4,3,4,3,1,1,3,2,3,Commercial,Economics,Geography,Chemistry,Business & Finance
3,3,2,4,4,3,4,2,2,2,2,3,Commercial,Geography,Economics,Accounting,Business & Finance
3,3,3,4,3,4,4,3,4,2,2,4,Arts,Computer Science,Technical Drawing,History,"Arts, Design & Communication"
3,4,3,3,5,2,4,1,2,3,3,3,Arts,Economics,Chemistry,Languages,Business & Finance
1,3,5,4,4,2,5,3,2,3,2,5,Arts,Literature,Maths,Languages,Education
3,4,2,3,1,2,2,4,3,2,3,3,Science,Physics,Computer Science,Maths,Computing & IT
2,4,3,3,5,4,4,4,2,1,1,4,Arts,Technical Drawing,Languages,Computer Science,"Arts, Design & Communication"
2,4,4,3,3,3,2,2,3,2,3,2,Science,Maths,Chemistry,Physics,Engineering
1,2,5,3,3,1,2,2,3,3,5,3,Science,Maths,Physics,Biology,Health Sciences
5,5,3,1,2,2,2,4,3,3,5,2,Commercial,Physics,Technical Drawing,Biology,"Arts, Design & Communication"
3,4,5,2,2,2,4,3,2,4,4,4,Commercial,Chemistry,Accounting,Physics,Health Sciences
3,3,3,4,4,3,3,3,2,3,4,2,Technical,Languages,Maths,Accounting,Business & Finance
5,4,3,2,2,3,3,4,4,2,5,2,Science,Chemistry,Technical Drawing,Physics,Engineering
3,5,4,3,1,2,1,2,4,4,3,2,Science,Biology,Computer Science,Physics,Engineering
2,3,2,4,5,3,2,1,2,3,1,4,Commercial,Maths,Languages,Economics,Business & Finance
4,4,2,4,4,3,3,2,3,1,2,3,Science,Languages,Accounting,Geography,Business & Finance
4,5,2,3,3,4,1,5,3,2,5,5,Science,Maths,Technical Drawing,Physics,Engineering
3,4,4,3,3,4,2,5,2,2,5,3,Science,Computer Science,Chemistry,Physics,Engineering
3,3,3,2,2,2,3,2,4,3,4,4,Science,Physics,Biology,Economics,Engineering
3,3,3,4,3,3,5,2,4,3,3,5,Commercial,Languages,History,Economics,Law & Political Science
3,4,3,5,5,3,2,2,3,3,3,3,Science,Technical Drawing,Geography,Economics,Business & Finance
3,2,3,3,3,2,4,2,2,3,2,3,Arts,Economics,Languages,Literature,Law & Political Science
1,4,3,4,4,2,3,2,2,3,2,2,Commercial,Economics,Maths,Accounting,Business & Finance
4,2,2,1,3,5,3,3,4,3,3,2,Arts,Languages,Computer Science,Literature,"Arts, Design & Communication"
3,4,2,2,2,3,4,5,2,4,4,3,Science,Physics,Technical Drawing,Maths,Computing & IT
4,5,4,2,2,3,2,1,3,2,3,3,Science,Technical Drawing,Physics,Computer Science,Engineering
2,3,2,2,5,4,3,3,2,2,3,4,Science,Technical Drawing,Geography,Computer Science,"Arts, Design & Communication"
3,2,2,4,4,2,5,2,3,3,1,4,Arts,Economics,Languages,History,Law & Political Science
1,3,2,5,4,2,3,1,2,3,1,3,Science,Languages,Maths,Accounting,Business & Finance
4,3,3,3,3,4,5,3,1,4,2,3,Arts,Geography,Economics,Languages,Law & Political Science
1,4,2,4,4,1,4,2,2,1,3,3,Commercial,Geography,Accounting,Maths,Business & Finance
4,4,3,3,2,2,3,4,2,2,2,4,Technical,Economics,Physics,Computer Science,Computing & IT
4,4,4,1,4,4,3,3,3,2,5,2,Science,Physics,Computer Science,Technical Drawing,Engineering
2,2,3,2,4,5,4,4,3,2,2,3,Arts,History,Computer Science,Geography,"Arts, Design & Communication"
3,1,1,3,4,5,4,3,3,2,4,5,Commercial,Computer Science,Literature,Technical Drawing,"Arts, Design & Communication"
2,3,2,3,5,4,3,4,2,3,4,4,Arts,Computer Science,Languages,Biology,"Arts, Design & Communication"
4,5,3,2,3,4,2,3,1,3,5,2,Science,Literature,Physics,Computer Science,Engineering
5,4,1,3,4,3,2,5,2,1,1,3,Technical,Maths,Computer Science,Physics,Health Sciences
5,5,3,4,3,2,2,5,2,2,2,2,Science,Physics,Geography,Technical Drawing,Computing & IT
4,2,4,3,3,3,5,4,5,2,4,3,Science,Chemistry,Biology,Physics,Agriculture & Environment
4,5,2,2,1,4,3,5,3,2,5,3,Science,Technical Drawing,Physics,Maths,Computing & IT
2,4,2,5,4,4,2,3,3,1,1,2,Commercial,Geography,Languages,Accounting,Business & Finance
3,4,2,4,5,3,3,4,3,3,3,4,Arts,Accounting,Languages,Maths,Business & Finance
4,5,3,2,2,4,3,3,2,2,3,3,Technical,Chemistry,Computer Science,Literature,Engineering
1,3,5,3,3,4,3,2,2,3,4,4,Science,Physics,Chemistry,Biology,Health Sciences
3,4,3,5,5,3,4,2,3,2,3,2,Arts,Languages,Economics,Geography,Health Sciences
3,4,3,4,2,3,2,4,3,4,2,3,Science,Computer Science,Maths,Technical Drawing,Agriculture & Environment
3,4,5,2,2,3,2,2,1,3,4,3,Science,Physics,Chemistry,Maths,Agriculture & Environment
2,2,5,2,3,3,2,3,2,3,3,4,Science,Geography,Languages,History,Education
2,3,2,2,5,5,4,4,3,1,4,5,Technical,History,Computer Science,Technical Drawing,"Arts, Design & Communication"
3,2,4,3,3,2,1,2,5,3,3,4,Science,Geography,Biology,Chemistry,Agriculture & Environment
3,4,2,4,4,4,3,2,2,3,3,2,Commercial,Maths,Economics,Accounting,Business & Finance
3,4,1,5,5,2,3,4,3,2,2,3,Arts,Geography,Languages,Accounting,Business & Finance
5,4,2,3,2,3,2,3,3,3,4,3,Science,Physics,Chemistry,Computer Science,Engineering
4,4,2,4,3,3,4,3,3,3,3,4,Arts,Languages,History,Literature,Law & Political Science
2,3,3,2,4,3,2,3,3,5,1,5,Arts,Literature,Geography,Biology,Agriculture & Environment
3,2,3,3,2,3,2,4,4,2,3,4,Science,Chemistry,Geography,Economics,Agriculture & Environment
2,3,3,2,3,2,2,3,3,5,1,4,Arts,Geography,Accounting,Biology,Education
1,2,3,2,3,2,2,3,3,4,1,4,Commercial,Geography,Literature,History,Education
4,3,2,4,5,2,3,3,3,3,3,3,Commercial,Economics,Languages,Accounting,Computing & IT
5,4,2,2,2,3,2,5,1,3,4,2,Science,Accounting,Computer Science,Maths,Engineering
3,3,5,3,3,3,3,4,2,2,2,2,Science,Geography,Technical Drawing,Physics,Computing & IT
2,4,4,4,3,2,4,3,1,3,4,3,Commercial,Languages,Maths,Economics,Business & Finance
2,5,4,4,4,4,4,2,2,3,3,5,Science,History,Economics,Geography,Law & Political Science
4,4,4,3,3,3,3,2,5,2,5,3,Science,Physics,Chemistry,Geography,Agriculture & Environment
3,2,3,4,4,3,5,3,2,4,3,5,Arts,Literature,Economics,Geography,Law & Political Science
4,3,4,5,5,3,3,4,2,4,4,4,Technical,Languages,Accounting,Geography,Business & Finance
3,4,3,5,5,2,2,3,3,2,2,3,Commercial,Geography,History,Accounting,Business & Finance
3,4,2,4,4,2,4,3,4,2,3,2,Science,Geography,Accounting,Maths,Business & Finance
4,2,5,3,3,3,3,4,5,2,4,2,Arts,Economics,Geography,Chemistry,Agriculture & Environment
2,2,3,3,4,2,5,3,3,4,3,4,Arts,History,Geography,Literature,Law & Political Science
2,3,2,4,4,2,3,2,3,3,1,3,Commercial,Maths,Accounting,Languages,Business & Finance
3,2,4,3,2,2,2,2,4,2,4,3,Science,Chemistry,Physics,Geography,Agriculture & Environment
4,3,3,3,2,3,1,4,5,3,2,4,Science,Physics,Computer Science,Technical Drawing,Computing & IT
3,3,3,5,4,3,1,3,4,2,4,2,Arts,Physics,Economics,Chemistry,Agriculture & Environment
2,5,4,3,3,2,1,3,3,4,2,4,Science,Geography,Languages,Biology,Education
4,5,1,5,2,2,2,5,2,2,1,2,Science,Technical Drawing,Maths,Physics,Computing & IT
4,5,2,2,3,3,2,4,2,3,5,2,Science,Computer Science,Chemistry,Technical Drawing,Engineering
4,2,2,3,3,4,3,4,2,3,2,1,Science,Technical Drawing,Physics,Computer Science,Computing & IT
3,2,1,1,2,5,1,3,3,3,3,5,Arts,Languages,Literature,Computer Science,Business & Finance
5,5,3,2,3,5,1,4,4,3,5,2,Technical,Maths,Computer Science,Technical Drawing,Engineering
5,3,2,4,2,1,3,3,5,1,4,3,Science,Physics,Geography,Economics,Agriculture & Environment
3,3,2,3,4,2,3,2,3,2,2,3,Commercial,Maths,Geography,Technical Drawing,Computing & IT
2,3,2,3,3,3,4,3,3,3,2,5,Arts,Literature,Chemistry,History,Law & Political Science
3,2,1,2,5,1,5,2,2,4,3,4,Arts,Literature,Geography,Economics,Law & Political Science
4,4,2,3,4,3,2,2,2,3,4,2,Science,Technical Drawing,Maths,Physics,Engineering
2,3,3,1,5,5,4,2,2,3,3,4,Arts,History,Languages,Literature,"Arts, Design & Communication"
3,3,2,3,4,1,5,2,3,3,2,5,Arts,Languages,Geography,Literature,Law & Political Science
2,3,3,2,3,3,5,4,3,1,2,5,Arts,Languages,Literature,Physics,"Arts, Design & Communication"
5,3,3,2,3,3,2,5,2,1,3,2,Technical,Computer Science,History,Physics,Computing & IT
5,4,2,2,2,3,1,2,3,1,4,3,Science,Physics,Maths,Computer Science,Engineering
3,3,5,4,2,1,1,3,3,4,5,2,Science,Physics,Maths,Chemistry,Health Sciences
4,3,3,3,3,2,4,3,5,2,4,2,Science,Physics,Geography,Economics,Agriculture & Environment
4,4,3,4,1,3,2,4,3,2,2,1,Science,Technical Drawing,Computer Science,Maths,Computing & IT
4,4,1,2,4,1,5,3,2,4,2,3,Arts,History,Geography,Languages,Law & Political Science
5,4,3,1,2,2,2,3,3,2,4,2,Science,Physics,Technical Drawing,Accounting,Engineering
4,3,2,3,3,2,4,4,5,3,3,2,Science,Physics,Economics,Chemistry,Agriculture & Environment
2,5,3,2,2,5,2,4,4,2,3,4,Arts,Literature,Computer Science,Physics,"Arts, Design & Communication"
4,3,4,4,3,3,4,3,2,4,5,2,Science,Biology,Languages,Physics,Health Sciences
4,4,2,3,1,3,4,3,3,1,5,1,Technical,Technical Drawing,Physics,Chemistry,Engineering
2,3,1,3,2,5,3,3,2,2,1,3,Arts,Accounting,History,Languages,"Arts, Design & Communication"
3,4,2,3,5,4,5,3,3,3,3,4,Commercial,Literature,Languages,Economics,Law & Political Science
4,3,4,3,4,3,5,2,2,4,2,4,Arts,Economics,Geography,Computer Science,Law & Political Science
4,2,3,3,5,2,1,1,5,3,3,3,Science,Biology,Maths,Geography,Health Sciences
3,4,3,3,4,3,2,5,3,3,4,3,Science,Technical Drawing,Physics,Maths,Computing & IT
1,4,3,3,3,4,3,4,2,2,2,5,Arts,Literature,Computer Science,Technical Drawing,"Arts, Design & Communication"
3,3,4,1,3,2,1,3,3,4,2,3,Commercial,Literature,Maths,Biology,Education
4,4,3,5,5,3,4,3,2,2,2,3,Science,Languages,Maths,Geography,Business & Finance
2,2,4,1,3,5,3,2,4,1,3,3,Arts,Languages,Computer Science,History,"Arts, Design & Communication"
4,5,2,5,1,4,2,5,4,2,2,3,Science,Maths,Technical Drawing,Computer Science,Computing & IT
2,4,2,4,5,3,4,4,1,3,2,3,Commercial,Geography,Maths,Languages,Business & Finance
2,4,2,3,4,2,3,3,4,2,3,4,Arts,History,Accounting,Geography,Business & Finance
4,5,1,3,2,1,2,4,2,3,4,3,Science,History,Maths,Physics,Engineering
5,5,2,3,2,3,4,4,3,3,3,2,Science,Economics,Maths,Physics,Engineering
4,4,3,4,3,3,1,5,2,2,3,2,Arts,Maths,Computer Science,Technical Drawing,Computing & IT
5,5,2,4,3,3,4,4,3,3,3,3,Technical,Maths,Physics,Technical Drawing,Computing & IT
3,1,3,3,3,3,3,5,5,1,4,2,Technical,Economics,Geography,Biology,Agriculture & Environment
2,4,1,2,4,4,2,3,2,3,3,3,Science,Computer Science,Accounting,Languages,Health Sciences
4,4,4,3,5,2,5,4,3,4,4,3,Commercial,Accounting,Geography,Economics,Business & Finance
2,2,2,2,4,4,3,4,1,2,1,4,Arts,History,Languages,Accounting,"Arts, Design & Communication"
3,2,1,3,5,4,5,4,3,2,3,3,Arts,Languages,Literature,Technical Drawing,"Arts, Design & Communication"
3,3,3,2,2,1,3,3,5,4,4,2,Commercial,Physics,Economics,Chemistry,Agriculture & Environment
1,4,3,5,5,1,3,2,3,3,2,3,Commercial,Languages,Maths,Economics,Business & Finance
3,2,5,2,2,1,3,1,5,2,3,1,Science,Geography,Biology,Chemistry,Agriculture & Environment
3,2,4,2,4,3,2,1,3,5,3,4,Arts,Biology,Maths,Languages,Education
2,4,5,2,3,3,3,1,3,3,4,4,Science,Biology,Maths,Chemistry,Health Sciences
4,5,2,4,2,3,2,5,4,1,3,1,Science,Maths,Technical Drawing,Physics,Computing & IT
2,2,3,2,3,5,3,4,2,3,1,3,Commercial,History,Literature,Languages,"Arts, Design & Communication"
5,5,1,2,1,3,3,3,3,1,5,2,Science,Technical Drawing,Chemistry,Computer Science,Engineering
5,4,2,3,3,4,3,4,2,3,3,4,Technical,Chemistry,Technical Drawing,Physics,Engineering
3,3,2,1,2,4,2,4,2,2,4,5,Commercial,History,Technical Drawing,Maths,"Arts, Design & Communication"
2,1,2,3,4,4,3,3,3,3,2,4,Arts,Languages,Geography,History,"Arts, Design & Communication"
2,3,4,1,3,3,3,2,2,4,5,3,Science,Chemistry,Maths,Biology,Computing & IT
1,3,2,4,3,1,3,2,2,3,2,4,Commercial,Accounting,Economics,Maths,Business & Finance
2,3,4,2,3,3,2,3,3,4,2,4,Science,Geography,Literature,Maths,Education
5,5,3,3,2,3,1,4,3,2,3,2,Technical,Physics,Technical Drawing,Computer Science,Agriculture & Environment
4,3,3,3,2,3,4,5,2,1,3,3,Science,Physics,Technical Drawing,Computer Science,Computing & IT
2,3,3,2,2,3,3,5,2,4,4,5,Science,Languages,Biology,Geography,Education
2,2,2,2,2,2,3,3,3,4,3,3,Arts,Chemistry,Languages,Geography,Law & Political Science
5,2,1,2,3,2,4,2,5,2,5,2,Science,Physics,Economics,Technical Drawing,Law & Political Science
3,1,2,3,4,5,4,3,2,1,4,5,Commercial,Languages,History,Computer Science,"Arts, Design & Communication"
2,2,5,2,4,2,3,4,2,5,2,3,Science,History,Computer Science,Literature,Education
2,3,3,1,3,3,2,3,3,5,2,3,Arts,Geography,Literature,Languages,Education
2,2,2,2,4,2,5,4,2,3,2,5,Science,Geography,Economics,Languages,Business & Finance
3,2,4,4,4,3,3,3,5,2,4,1,Science,Technical Drawing,Economics,Geography,Agriculture & Environment
3,2,2,4,5,2,3,3,2,3,3,4,Commercial,Accounting,Maths,Economics,Business & Finance
5,5,2,2,3,4,2,3,2,3,5,3,Technical,Physics,Maths,Technical Drawing,"Arts, Design & Communication"
4,4,3,4,5,3,2,2,3,3,1,1,Technical,Geography,Languages,Economics,Business & Finance
3,3,2,2,3,5,5,4,1,3,4,4,Arts,History,Technical Drawing,Computer Science,"Arts, Design & Communication"
3,1,2,3,1,1,3,2,5,2,5,2,Science,Geography,Chemistry,Physics,Agriculture & Environment
5,4,1,2,3,4,3,4,2,2,4,2,Science,Technical Drawing,Chemistry,Geography,Engineering
3,2,4,2,4,5,4,4,3,1,2,5,Arts,Technical Drawing,Computer Science,Languages,Health Sciences
3,4,4,3,3,2,3,1,2,4,4,3,Science,Physics,Chemistry,Biology,Health Sciences
2,2,5,4,5,1,4,4,2,2,2,1,Commercial,Maths,Accounting,Geography,Business & Finance
2,3,4,3,2,3,2,3,3,1,3,4,Science,Maths,Physics,Chemistry,Health Sciences
2,3,3,1,3,4,3,3,3,2,3,5,Arts,Technical Drawing,History,Literature,Engineering
2,3,5,1,2,3,2,1,4,3,4,3,Science,Maths,Chemistry,Biology,Business & Finance
1,1,2,3,3,4,3,5,2,3,3,5,Technical,Chemistry,History,Computer Science,"Arts, Design & Communication"
3,2,5,2,1,2,3,3,2,3,5,2,Science,Maths,Chemistry,Languages,Health Sciences
2,3,3,2,4,4,4,4,2,3,3,4,Technical,History,Languages,Technical Drawing,"Arts, Design & Communication"
3,1,4,3,4,5,4,3,3,3,3,4,Arts,History,Languages,Computer Science,"Arts, Design & Communication"
5,4,4,2,2,2,5,2,2,2,2,4,Arts,Languages,History,Literature,Law & Political Science
3,4,2,5,3,3,3,4,3,2,3,2,Science,Maths,Physics,Technical Drawing,Computing & IT
3,3,4,3,4,2,5,4,3,4,3,4,Arts,Languages,Economics,History,Law & Political Science
2,4,2,5,5,2,3,1,2,2,1,3,Commercial,Economics,Maths,Accounting,Business & Finance
2,3,1,3,5,4,3,4,2,2,2,5,Arts,Computer Science,Languages,Technical Drawing,"Arts, Design & Communication"
3,2,2,1,4,4,4,4,2,2,3,5,Science,History,Computer Science,Technical Drawing,Health Sciences
3,3,3,5,3,4,3,4,3,3,2,3,Commercial,Geography,Accounting,Languages,Business & Finance
3,2,2,2,4,2,5,2,2,4,2,5,Science,Languages,Geography,Literature,Law & Political Science
2,2,2,2,4,1,5,2,3,2,3,5,Arts,Literature,History,Geography,Law & Political Science
2,5,5,3,4,1,3,3,1,5,1,2,Science,Geography,Languages,Literature,Education
3,3,1,4,2,1,3,5,2,3,3,2,Science,Technical Drawing,Physics,Computer Science,Computing & IT
4,2,2,3,5,4,4,3,3,4,3,4,Arts,Languages,Literature,Computer Science,"Arts, Design & Communication"
2,3,5,3,3,3,3,2,5,1,3,3,Science,Geography,Biology,Physics,Computing & IT
3,4,4,3,2,3,1,4,3,2,3,5,Science,Geography,Physics,Maths,Computing & IT
3,4,2,4,2,2,4,4,3,3,2,2,Science,Technical Drawing,Languages,Physics,Computing & IT
3,4,4,4,2,2,3,3,2,4,5,5,Science,Physics,Chemistry,Biology,Health Sciences
3,2,4,4,3,2,2,2,3,2,3,2,Science,Economics,Biology,Physics,Health Sciences
4,2,1,2,3,3,4,1,3,2,2,3,Arts,Literature,Physics,Economics,Law & Political Science
4,3,1,2,2,2,4,4,2,4,5,2,Technical,Maths,Technical Drawing,Biology,Engineering
4,5,1,1,3,3,2,3,3,2,4,2,Science,Physics,Technical Drawing,Chemistry,Engineering
2,3,2,2,4,3,3,3,2,3,3,5,Science,Geography,Literature,Languages,Law & Political Science
2,1,4,3,4,4,2,2,2,5,2,5,Science,Biology,Geography,Maths,Education
2,3,4,4,4,3,2,3,2,5,1,4,Science,Languages,Biology,History,Education
5,5,3,2,2,4,2,4,3,1,4,3,Science,Chemistry,Geography,Computer Science,Engineering
3,4,2,5,4,2,3,2,2,2,3,3,Commercial,Maths,Biology,Geography,Business & Finance
1,3,4,4,2,3,3,2,1,4,3,3,Arts,Literature,Languages,History,Education
2,2,3,2,4,5,3,5,3,2,2,5,Commercial,History,Technical Drawing,Literature,"Arts, Design & Communication"
3,2,2,3,4,2,4,4,3,2,1,4,Arts,Literature,Geography,Economics,Law & Political Science
1,3,3,2,5,1,3,2,2,4,3,4,Arts,Biology,Literature,Languages,Education
1,2,3,1,5,5,4,3,2,2,4,5,Arts,Technical Drawing,Chemistry,Literature,"Arts, Design & Communication"
5,4,5,2,2,3,3,3,3,2,3,1,Science,Computer Science,Chemistry,Maths,Engineering
1,3,3,3,3,2,1,4,4,4,2,4,Science,Literature,Maths,History,Engineering
1,3,5,3,2,3,4,2,3,4,4,2,Science,Biology,Physics,Chemistry,Health Sciences
2,3,2,2,2,4,1,3,4,5,4,5,Science,Geography,History,Literature,Education
1,5,2,3,5,2,2,1,2,3,3,3,Commercial,Economics,Accounting,Geography,Business & Finance
4,4,3,4,4,5,4,3,3,3,2,4,Science,Literature,Physics,History,"Arts, Design & Communication"
5,5,2,2,3,3,3,5,3,1,4,2,Technical,Computer Science,Chemistry,Technical Drawing,Engineering
3,4,3,3,4,2,1,1,2,5,1,3,Science,History,Biology,Languages,Education
2,3,2,4,3,5,3,2,2,2,2,4,Arts,Technical Drawing,Languages,History,"Arts, Design & Communication"
3,3,5,3,3,4,5,2,1,4,2,4,Science,Literature,Languages,History,Law & Political Science
3,4,3,3,1,3,2,5,4,1,3,4,Technical,Technical Drawing,Physics,Computer Science,Computing & IT
2,2,2,3,3,4,5,2,3,2,4,5,Technical,History,Languages,Economics,Law & Political Science
3,4,3,3,2,2,1,2,3,2,3,4,Science,Technical Drawing,Biology,Physics,Health Sciences
2,2,5,2,3,2,1,2,4,5,2,5,Commercial,Geography,Literature,Biology,Education
3,3,4,3,5,3,5,2,2,4,3,3,Commercial,Biology,History,Languages,Business & Finance
5,3,4,2,2,4,3,3,5,3,5,3,Science,Accounting,Economics,Geography,Agriculture & Environment
3,2,3,2,5,3,5,3,3,2,3,5,Arts,Languages,Literature,Economics,Law & Political Science
5,5,2,3,2,4,3,1,2,3,4,2,Science,Computer Science,Physics,Technical Drawing,Engineering
3,3,3,3,5,5,2,4,3,3,1,5,Arts,Geography,Computer Science,Languages,"Arts, Design & Communication"
4,3,3,2,4,2,1,1,1,4,2,5,Arts,Geography,Maths,History,Education
2,4,3,5,2,2,2,2,5,3,5,4,Science,Geography,Chemistry,Physics,Agriculture & Environment
1,2,1,3,4,5,2,5,3,3,2,4,Arts,Languages,Computer Science,History,"Arts, Design & Communication"
1,4,4,4,3,2,5,3,3,2,2,5,Arts,Technical Drawing,Literature,Languages,Law & Political Science
4,5,1,3,3,4,4,3,3,2,5,2,Technical,Maths,Chemistry,Computer Science,Engineering
4,2,2,1,3,4,5,2,3,3,1,3,Arts,Literature,Languages,Chemistry,Law & Political Science
1,2,2,1,3,3,4,3,1,4,3,5,Arts,Literature,Languages,Geography,Law & Political Science
3,2,2,3,4,5,2,4,1,3,3,3,Arts,Technical Drawing,Maths,Languages,"Arts, Design & Communication"
5,5,2,4,1,2,1,5,4,4,3,3,Science,Maths,Computer Science,Technical Drawing,Computing & IT
1,4,5,2,3,3,2,2,2,5,5,2,Technical,Maths,Chemistry,Geography,Health Sciences
3,3,2,2,4,4,4,3,4,3,2,5,Arts,Literature,History,Economics,Law & Political Science
2,2,5,2,2,3,3,2,2,3,5,2,Science,Chemistry,Maths,Biology,Computing & IT
4,4,2,3,2,3,2,4,4,1,4,2,Science,Economics,Biology,Physics,Agriculture & Environment
2,3,4,3,4,5,2,4,3,2,3,5,Arts,Computer Science,Literature,Languages,"Arts, Design & Communication"
3,2,4,4,4,4,4,3,3,2,2,5,Technical,Literature,Technical Drawing,History,"Arts, Design & Communication"
5,4,2,2,2,2,4,3,2,2,4,2,Science,Maths,Physics,Chemistry,Law & Political Science
2,2,2,2,2,2,5,3,3,3,2,4,Arts,Economics,Geography,Languages,Law & Political Science
3,4,3,2,2,1,3,3,4,2,5,1,Arts,Biology,Physics,Literature,Agriculture & Environment
2,5,3,3,3,3,3,4,2,2,3,2,Technical,Maths,Geography,Computer Science,Computing & IT
3,2,3,5,2,4,4,2,1,2,2,4,Commercial,Economics,Languages,Maths,Business & Finance
5,5,5,2,5,3,2,4,2,3,3,2,Science,Maths,Chemistry,Computer Science,Engineering
2,2,3,3,4,2,3,3,4,4,2,5,Science,Chemistry,Maths,Languages,Education
3,2,4,3,2,3,4,2,4,3,4,1,Science,Economics,Accounting,Biology,Agriculture & Environment
3,2,2,4,2,1,5,3,4,3,3,5,Arts,Economics,History,Geography,Law & Political Science
4,3,2,3,3,3,2,4,2,3,1,3,Science,Physics,Literature,Maths,Computing & IT
2,2,2,2,2,4,3,4,3,3,3,5,Arts,Languages,History,Literature,"Arts, Design & Communication"
3,2,4,3,4,3,2,2,3,4,2,3,Commercial,History,Languages,Literature,Education
4,4,2,3,2,3,4,5,2,2,2,1,Science,Technical Drawing,History,Physics,Computing & IT
5,5,3,4,3,4,2,4,3,3,5,2,Technical,Computer Science,Maths,Technical Drawing,Engineering
4,4,3,1,2,2,3,5,1,1,4,3,Science,Maths,Languages,Computer Science,Business & Finance
4,5,3,3,2,3,2,2,3,3,1,2,Arts,Technical Drawing,Computer Science,Physics,Engineering
3,4,3,4,3,3,4,5,3,3,2,3,Science,Physics,Maths,Technical Drawing,Computing & IT
1,4,2,5,5,2,3,3,4,3,3,2,Technical,Accounting,Maths,Geography,Business & Finance
1,3,3,3,4,2,3,3,3,4,3,5,Arts,Literature,Biology,Maths,Education
2,4,5,2,1,2,2,2,3,4,3,4,Technical,Physics,Maths,Chemistry,Engineering
3,2,2,4,4,2,5,2,3,3,2,5,Arts,History,Languages,Geography,Law & Political Science
3,3,3,3,2,1,4,2,3,2,2,5,Science,Economics,History,Literature,Law & Political Science
4,4,2,2,3,4,3,4,2,2,2,5,Science,Technical Drawing,Languages,Computer Science,"Arts, Design & Communication"
3,3,2,5,3,1,3,3,1,3,1,5,Arts,Economics,Geography,Languages,Law & Political Science
2,3,2,3,4,4,3,3,1,3,4,3,Arts,History,Technical Drawing,Literature,"Arts, Design & Communication"
4,2,3,5,5,3,3,3,2,4,1,3,Commercial,Maths,Geography,Languages,Business & Finance
2,2,3,4,4,5,5,3,3,3,3,5,Arts,History,Economics,Languages,Law & Political Science
2,1,2,4,1,3,3,2,4,2,5,4,Technical,Geography,Biology,Technical Drawing,Agriculture & Environment
3,4,2,2,3,3,5,2,5,4,3,3,Arts,History,Languages,Geography,Law & Political Science
2,4,1,5,4,2,3,3,3,2,2,2,Commercial,Languages,Accounting,Economics,Business & Finance
4,4,3,2,3,4,2,1,3,4,5,4,Arts,Biology,Accounting,Chemistry,Health Sciences
2,3,4,2,4,2,2,1,3,5,3,5,Science,Literature,History,Accounting,Law & Political Science
5,4,5,2,4,3,3,5,3,3,2,1,Technical,Maths,Economics,Chemistry,Engineering
1,5,3,2,2,3,2,3,2,3,5,3,Science,Languages,Physics,Computer Science,Computing & IT
2,3,3,3,3,2,3,4,1,5,3,4,Arts,History,Languages,Economics,Education
5,4,2,2,3,2,2,4,3,4,5,2,Technical,Technical Drawing,Computer Science,Physics,Engineering
3,3,1,5,4,2,5,2,4,3,2,4,Arts,History,Literature,Biology,Law & Political Science
2,3,4,3,3,2,1,3,3,4,4,2,Science,Maths,Chemistry,Physics,Health Sciences
3,2,3,2,5,5,3,5,4,4,2,4,Arts,Literature,Languages,History,"Arts, Design & Communication"
5,3,3,3,1,2,2,1,5,2,5,1,Science,Chemistry,Physics,Economics,Agriculture & Environment
1,4,3,2,2,2,1,3,1,5,4,3,Technical,Maths,Physics,Chemistry,Health Sciences
2,3,2,1,3,2,5,4,2,3,2,5,Arts,Geography,History,Economics,"Arts, Design & Communication"
2,4,2,5,4,1,3,2,3,2,3,3,Arts,Geography,Maths,History,Business & Finance
2,2,3,2,4,5,3,3,2,3,2,4,Arts,Languages,Technical Drawing,Literature,"Arts, Design & Communication"
4,3,3,3,4,2,5,2,3,3,3,5,Commercial,Chemistry,Geography,Literature,Law & Political Science
2,2,2,3,4,2,5,4,2,3,2,5,Arts,Geography,Literature,Languages,Law & Political Science
5,5,3,2,3,3,2,4,2,3,4,4,Science,Chemistry,Maths,Technical Drawing,Engineering
4,4,2,3,3,3,2,2,4,1,4,3,Technical,Physics,Maths,Computer Science,Engineering
1,3,4,3,3,3,1,2,1,5,4,2,Science,Chemistry,Maths,Accounting,Health Sciences
4,5,3,3,2,2,3,5,3,3,2,2,Science,Computer Science,Technical Drawing,Maths,Business & Finance
4,4,1,2,3,3,3,4,3,4,4,1,Science,Chemistry,Maths,Economics,Engineering
2,3,5,2,3,3,1,3,2,4,4,4,Science,Maths,Chemistry,Physics,Health Sciences
3,5,3,3,4,2,3,3,1,4,4,5,Science,Chemistry,Physics,Biology,Agriculture & Environment
5,5,2,2,2,5,2,5,2,3,5,2,Science,Technical Drawing,Computer Science,Maths,Engineering
3,3,4,1,2,3,3,3,2,4,4,5,Science,Chemistry,Physics,Biology,Health Sciences
3,3,2,3,4,3,5,1,2,2,3,4,Arts,History,Languages,Geography,Law & Political Science
3,4,2,3,4,2,2,1,2,2,2,3,Commercial,Accounting,Geography,Economics,Business & Finance
4,2,3,3,5,1,3,2,5,2,5,3,Science,Economics,Chemistry,Geography,Agriculture & Environment
3,2,2,5,2,2,4,3,5,2,5,3,Science,Biology,Economics,Chemistry,Agriculture & Environment
3,3,5,2,4,4,3,1,3,5,5,2,Commercial,Physics,Maths,Chemistry,Engineering
2,4,5,2,3,2,3,2,1,3,4,4,Science,Biology,Maths,Physics,Health Sciences
4,3,5,4,2,2,2,2,3,3,5,4,Science,Physics,Biology,Economics,Health Sciences
2,3,4,2,3,3,3,3,2,4,2,5,Arts,Maths,Geography,Languages,Education
2,5,5,1,2,2,5,2,2,3,5,3,Science,Biology,Chemistry,Economics,Health Sciences
2,3,4,1,4,2,2,1,4,5,1,4,Science,Literature,History,Geography,Education
5,3,5,1,1,3,3,3,3,3,4,4,Science,Biology,Maths,Chemistry,Health Sciences
2,2,3,3,3,4,5,1,2,3,4,3,Arts,Languages,Geography,Literature,Law & Political Science
1,3,3,1,1,2,2,2,3,4,3,3,Science,Physics,Maths,Chemistry,Health Sciences
3,3,3,4,4,5,3,3,3,2,1,3,Arts,Literature,Computer Science,Languages,Business & Finance
3,3,3,3,5,3,4,3,2,1,3,4,Arts,Technical Drawing,Computer Science,Accounting,"Arts, Design & Communication"
4,4,3,2,4,2,5,2,2,4,3,5,Science,Literature,Biology,Languages,Law & Political Science
3,2,4,5,4,3,3,1,2,4,3,2,Commercial,Technical Drawing,Languages,Maths,Business & Finance
5,5,1,3,3,4,3,5,2,2,3,2,Science,Maths,Computer Science,Technical Drawing,Engineering
3,2,4,3,2,2,1,2,5,3,5,3,Science,Chemistry,Economics,Biology,Agriculture & Environment
2,2,5,4,3,1,3,3,3,4,5,3,Science,Biology,Maths,Chemistry,Business & Finance
3,1,3,4,2,2,2,4,5,3,4,2,Technical,Chemistry,Economics,Physics,Agriculture & Environment
4,2,4,4,3,2,2,3,5,2,5,2,Arts,Biology,Physics,Chemistry,Agriculture & Environment
4,2,3,3,1,2,3,3,4,4,4,3,Science,Economics,Physics,Biology,Agriculture & Environment
4,4,1,1,3,3,5,3,3,5,2,4,Arts,History,Languages,Economics,Law & Political Science
3,1,2,2,2,3,5,2,4,3,3,4,Arts,Geography,Languages,Literature,Law & Political Science
2,4,2,5,4,3,3,2,3,3,3,4,Technical,Geography,Economics,History,Business & Finance
3,3,1,1,3,3,3,1,3,2,4,2,Science,Economics,Geography,Biology,Agriculture & Environment
5,4,3,4,3,4,3,3,3,3,3,3,Commercial,Economics,Maths,Accounting,Business & Finance
5,4,3,3,2,3,2,5,2,2,5,3,Science,Chemistry,Technical Drawing,Physics,Business & Finance
3,2,1,3,4,2,4,3,3,5,3,5,Arts,Geography,History,Languages,Law & Political Science
4,2,1,4,3,2,2,3,5,3,5,3,Science,Biology,Economics,Physics,Agriculture & Environment
3,2,2,3,3,5,3,3,2,2,3,4,Arts,History,Literature,Languages,"Arts, Design & Communication"
4,2,3,4,2,3,2,1,5,2,5,3,Commercial,Chemistry,Biology,Economics,Agriculture & Environment
3,1,1,2,4,3,5,2,3,3,4,4,Arts,Economics,History,Geography,Law & Political Science
2,3,3,2,4,2,4,2,3,4,2,5,Arts,Literature,Geography,Economics,Law & Political Science
3,5,3,3,3,5,2,4,3,4,2,4,Science,Technical Drawing,Accounting,Maths,Business & Finance
2,3,3,3,4,5,2,3,2,3,3,4,Commercial,Technical Drawing,Geography,Maths,Business & Finance
4,4,3,1,3,5,3,4,2,3,4,3,Technical,Technical Drawing,Chemistry,Computer Science,Engineering
2,4,3,3,3,2,1,3,5,3,4,3,Technical,Economics,Physics,Geography,Agriculture & Environment
3,4,3,4,3,1,5,2,2,2,3,3,Commercial,Accounting,Geography,Maths,Business & Finance
3,3,5,2,3,3,2,3,1,4,5,2,Arts,Chemistry,Biology,Economics,Health Sciences
3,1,4,3,4,3,2,4,3,3,4,5,Arts,History,Literature,Geography,"Arts, Design & Communication"
2,2,3,4,4,1,5,1,5,4,3,4,Arts,Literature,Economics,Maths,"Arts, Design & Communication"
1,4,2,5,5,2,4,3,3,2,3,3,Science,Accounting,Languages,Economics,Business & Finance
4,4,3,3,2,4,3,5,3,1,3,3,Technical,Maths,Physics,Technical Drawing,Computing & IT
4,4,3,5,2,3,1,4,3,1,3,3,Technical,Maths,Literature,Physics,Computing & IT
2,1,3,2,4,5,3,3,5,1,1,3,Arts,Languages,Computer Science,Technical Drawing,"Arts, Design & Communication"
3,3,4,4,5,2,2,3,2,3,1,3,Arts,Maths,Geography,Economics,Business & Finance
3,4,3,4,3,4,3,4,2,2,3,2,Science,Maths,Technical Drawing,Geography,Computing & IT
3,3,2,2,5,4,1,3,2,4,3,4,Arts,Computer Science,Literature,Languages,"Arts, Design & Communication"
2,3,3,3,4,5,4,4,3,2,2,4,Technical,Computer Science,Literature,Languages,"Arts, Design & Communication"
2,4,3,5,4,3,3,3,2,2,4,3,Arts,Languages,Geography,Economics,Business & Finance
3,2,2,2,3,2,3,1,5,2,3,2,Science,Physics,Biology,Economics,Business & Finance
3,3,4,3,3,2,2,2,2,3,4,5,Science,Physics,Biology,Computer Science,Computing & IT
4,4,3,4,2,2,2,3,5,2,4,2,Science,Chemistry,Biology,Economics,Agriculture & Environment
2,3,4,4,3,2,4,3,2,3,1,3,Arts,Accounting,Maths,Geography,Business & Finance
3,4,5,1,1,1,3,3,2,3,5,3,Science,Biology,Chemistry,Economics,Health Sciences
3,2,3,3,3,3,1,3,5,3,2,2,Science,Chemistry,Biology,Physics,Agriculture & Environment
2,2,2,1,5,1,5,1,1,4,3,4,Arts,Geography,Economics,History,Law & Political Science
2,1,4,4,2,2,3,1,5,3,3,3,Science,Biology,Physics,Economics,Agriculture & Environment
3,3,3,3,2,2,2,4,4,5,1,5,Commercial,History,Languages,Geography,Education
1,5,3,4,5,2,3,4,2,1,2,3,Commercial,Languages,Accounting,Maths,Business & Finance
1,2,2,3,4,2,5,3,3,4,1,5,Arts,Geography,Economics,History,Law & Political Science
3,4,3,3,2,3,3,3,4,2,4,2,Technical,History,Geography,Economics,Agriculture & Environment
5,5,2,3,3,4,2,3,4,1,4,1,Technical,Chemistry,Maths,Physics,Engineering
4,3,3,1,3,5,3,3,2,3,2,4,Arts,Technical Drawing,Literature,History,"Arts, Design & Communication"
4,4,3,2,2,4,2,4,2,2,3,4,Arts,Technical Drawing,Maths,Computer Science,Engineering
3,3,3,3,4,3,4,1,2,3,4,4,Arts,Technical Drawing,Economics,History,Law & Political Science
5,4,1,4,2,2,2,4,2,1,3,4,Commercial,Maths,Physics,Computer Science,Computing & IT
2,4,4,2,3,3,2,2,4,5,3,4,Science,Technical Drawing,Maths,History,Education
3,3,4,2,2,1,3,3,3,5,2,5,Arts,Literature,History,Geography,Education
2,3,5,4,4,5,2,4,3,2,3,5,Arts,Computer Science,Languages,Technical Drawing,"Arts, Design & Communication"
2,3,4,3,3,4,2,3,3,5,4,5,Commercial,History,Geography,Biology,Education
1,3,3,3,4,2,5,2,2,4,4,4,Arts,Literature,Economics,Languages,Law & Political Science
4,4,2,5,3,4,2,4,2,2,2,2,Science,Maths,Computer Science,Technical Drawing,Computing & IT
1,1,5,1,2,2,1,2,2,5,3,4,Arts,Literature,Maths,Biology,Education
4,5,3,3,1,4,3,4,1,3,3,2,Science,Technical Drawing,Computer Science,Maths,Engineering
2,3,4,3,2,2,4,2,2,4,3,5,Arts,Economics,Literature,Geography,Law & Political Science
4,5,2,4,2,4,3,3,3,2,1,2,Science,Physics,Maths,Computer Science,Computing & IT
3,3,3,4,3,2,3,2,3,3,4,3,Science,Biology,Economics,Chemistry,Agriculture & Environment
3,4,5,3,2,2,4,2,3,3,5,4,Science,Physics,Biology,Chemistry,Engineering
3,3,3,5,5,3,4,2,4,2,3,3,Commercial,Economics,Geography,Languages,Business & Finance
3,3,5,2,3,3,3,4,2,3,5,4,Science,Physics,Chemistry,Technical Drawing,Health Sciences
4,3,4,3,3,3,1,1,4,3,4,3,Science,Physics,Economics,Geography,Agriculture & Environment
4,5,3,3,3,1,2,4,2,5,3,3,Science,Literature,Geography,Biology,Education
3,3,3,4,5,3,2,2,3,2,3,4,Science,Maths,Economics,Accounting,Business & Finance
3,4,5,2,3,1,3,3,4,3,4,3,Arts,Chemistry,Biology,Maths,Health Sciences
4,3,4,4,2,4,3,2,5,3,3,3,Technical,Geography,Computer Science,Biology,Agriculture & Environment
3,4,2,3,2,4,4,4,2,3,2,3,Science,Accounting,Maths,Technical Drawing,Computing & IT
1,3,5,3,4,4,2,5,3,5,2,5,Arts,Languages,Maths,Literature,Education
3,3,2,3,4,3,3,2,3,2,4,4,Commercial,Languages,Maths,Accounting,Business & Finance
4,5,4,4,2,1,2,3,2,2,5,4,Technical,Computer Science,Physics,Chemistry,Engineering
5,4,2,4,1,2,3,4,2,3,2,2,Science,Maths,Geography,Computer Science,Computing & IT
2,3,3,3,4,2,2,2,1,5,3,3,Arts,Chemistry,Languages,Geography,Education
5,5,1,1,2,3,2,4,3,3,4,2,Science,Maths,Economics,Chemistry,Engineering
1,2,5,4,3,2,4,2,2,5,3,4,Technical,Geography,History,Biology,Education
5,5,2,2,2,4,3,2,3,2,4,2,Technical,Geography,Maths,Technical Drawing,Engineering
2,3,3,5,5,4,2,3,3,4,3,3,Commercial,Accounting,Economics,Maths,Business & Finance
2,4,3,4,4,4,4,3,1,3,4,4,Commercial,Maths,Economics,Geography,Business & Finance
3,4,3,4,4,4,4,2,3,2,2,2,Science,Maths,Computer Science,Technical Drawing,Computing & IT
3,2,3,3,3,3,3,4,5,3,3,2,Science,Economics,Biology,Physics,Agriculture & Environment
3,4,4,3,2,4,3,2,3,5,2,4,Science,Biology,Languages,Maths,Education
3,3,5,4,5,2,2,3,3,2,2,3,Commercial,Languages,Economics,Geography,Business & Finance
3,2,5,3,2,3,1,2,4,3,4,3,Science,Chemistry,Maths,Biology,Health Sciences
5,5,1,2,2,2,3,4,1,1,5,2,Technical,Chemistry,Maths,Accounting,Engineering
2,3,1,4,3,2,2,3,3,3,3,3,Arts,Accounting,Maths,Geography,Business & Finance
3,4,3,3,3,2,4,3,4,5,4,5,Commercial,Biology,Languages,Geography,Computing & IT
3,4,2,5,3,4,4,1,1,3,2,2,Commercial,Geography,Languages,Economics,Business & Finance
4,4,3,4,3,2,5,4,2,4,3,4,Arts,Literature,Languages,Geography,Computing & IT
3,5,3,5,4,4,3,5,2,3,3,4,Commercial,Computer Science,Maths,Technical Drawing,Computing & IT
3,4,4,4,3,2,4,4,3,2,2,1,Science,Maths,Technical Drawing,Physics,Computing & IT
4,2,5,2,2,3,4,2,3,3,2,3,Science,Chemistry,Maths,Biology,Health Sciences
3,2,4,3,3,3,3,2,4,5,4,3,Science,Biology,Physics,Chemistry,Agriculture & Environment
3,3,4,2,3,2,3,2,4,2,4,3,Science,Chemistry,Economics,Biology,Agriculture & Environment
4,3,2,4,2,3,4,3,4,4,4,2,Science,Computer Science,Technical Drawing,Physics,Engineering
3,3,5,3,3,2,3,3,3,4,5,2,Science,Biology,Physics,History,Agriculture & Environment
3,3,3,5,4,3,3,3,2,5,2,3,Commercial,Languages,Maths,Economics,Business & Finance
2,2,4,3,3,4,3,1,5,3,4,2,Science,Languages,Economics,Chemistry,Agriculture & Environment
4,3,4,5,4,3,5,2,2,1,2,3,Arts,Maths,Accounting,Geography,Business & Finance
2,2,2,3,5,5,3,2,1,1,3,3,Commercial,Literature,Technical Drawing,Economics,"Arts, Design & Communication"
3,3,5,3,3,2,3,1,4,5,5,4,Science,Biology,Physics,Chemistry,Health Sciences
3,1,2,3,5,1,5,4,2,5,3,5,Arts,Geography,Languages,History,Computing & IT
3,5,4,2,4,2,3,3,3,4,2,4,Commercial,Geography,Literature,Maths,Education
4,3,2,2,2,4,2,5,2,2,2,2,Science,Technical Drawing,Literature,Maths,Computing & IT
5,5,3,3,2,3,2,3,3,2,4,3,Technical,Physics,Accounting,Technical Drawing,Education
3,2,1,3,3,4,3,2,4,2,4,2,Arts,Economics,Physics,Technical Drawing,Agriculture & Environment
1,4,5,2,2,3,2,3,2,4,4,3,Arts,Physics,History,Biology,Health Sciences
4,3,3,3,4,5,4,4,2,3,3,5,Arts,Languages,Literature,Computer Science,Education
1,3,5,3,1,2,3,3,3,4,5,3,Arts,Physics,Maths,Chemistry,Health Sciences
3,3,5,2,3,2,2,4,3,5,2,3,Arts,Literature,Languages,History,Education
4,3,5,3,3,3,2,2,2,5,5,3,Science,Biology,Physics,Maths,Health Sciences
3,2,3,3,5,5,4,4,2,2,4,5,Arts,Technical Drawing,History,Physics,"Arts, Design & Communication"
5,3,3,3,3,3,3,3,4,3,4,3,Science,Accounting,Chemistry,Economics,Agriculture & Environment
2,2,2,3,5,5,3,3,3,3,2,5,Arts,Computer Science,Chemistry,Literature,"Arts, Design & Communication"
3,4,4,3,3,2,2,3,2,5,3,4,Arts,Maths,Geography,Languages,Education
3,4,2,4,2,3,2,5,3,2,2,2,Science,Technical Drawing,Computer Science,Maths,Agriculture & Environment
3,1,5,4,2,3,2,3,3,4,2,3,Science,Maths,History,Geography,Education
3,3,3,2,5,3,4,2,3,5,4,4,Science,Literature,Languages,History,Education
5,5,2,3,4,3,5,2,3,3,5,2,Science,Technical Drawing,Physics,Maths,Engineering
5,3,3,5,3,2,2,3,5,3,5,1,Science,Chemistry,Literature,Geography,Health Sciences
3,4,4,3,3,2,2,3,2,3,5,4,Science,Economics,Physics,Maths,Health Sciences
3,3,2,2,5,2,4,2,2,5,3,4,Commercial,Biology,History,Accounting,Education
2,3,3,3,3,5,4,3,2,2,3,4,Arts,Computer Science,History,Technical Drawing,"Arts, Design & Communication"
3,2,4,2,4,1,3,3,1,4,1,3,Arts,Literature,Biology,Languages,Education
3,4,3,3,4,4,2,3,2,2,5,3,Science,Technical Drawing,Maths,Literature,Engineering
3,3,5,2,4,2,2,2,1,3,4,3,Science,Maths,Physics,History,Law & Political Science
3,2,3,2,3,5,2,3,3,2,4,3,Arts,Languages,Computer Science,History,"Arts, Design & Communication"
4,5,5,2,1,3,1,2,3,4,4,2,Arts,Biology,Maths,Chemistry,Law & Political Science
3,4,3,3,2,2,5,3,3,5,3,5,Arts,Languages,Economics,Literature,"Arts, Design & Communication"
5,5,3,4,2,4,2,5,4,3,4,4,Technical,Computer Science,Physics,Technical Drawing,Engineering
3,2,3,3,4,4,5,4,2,3,3,4,Arts,History,Literature,Computer Science,"Arts, Design & Communication"
4,3,4,3,2,2,1,1,5,3,5,2,Science,Physics,Geography,Technical Drawing,Agriculture & Environment
4,3,2,2,4,5,2,5,3,4,2,4,Science,Technical Drawing,History,Literature,"Arts, Design & Communication"
2,4,4,4,3,5,2,4,3,3,1,3,Science,Maths,Computer Science,Physics,Computing & IT
2,1,3,3,5,4,5,2,3,4,3,3,Arts,Languages,Literature,Maths,Law & Political Science
3,2,1,4,5,3,5,3,2,3,2,3,Arts,Technical Drawing,Maths,Economics,Business & Finance
4,1,2,2,4,4,3,2,5,4,5,2,Science,Literature,Biology,Chemistry,Agriculture & Environment
4,3,4,2,2,3,1,2,3,4,3,4,Arts,Literature,History,Biology,Education
2,4,3,4,3,2,3,3,4,4,5,1,Science,Languages,Economics,Physics,Agriculture & Environment
3,3,2,4,5,3,4,2,1,2,2,3,Commercial,Chemistry,Accounting,Economics,Health Sciences
5,5,2,1,3,3,4,4,2,2,5,2,Technical,Biology,Technical Drawing,Maths,Engineering
3,2,4,2,3,5,3,3,2,4,3,4,Arts,Languages,Technical Drawing,Literature,"Arts, Design & Communication"
5,5,4,2,3,3,2,4,4,1,3,4,Science,Chemistry,Technical Drawing,History,Business & Finance
1,2,3,2,1,3,3,2,3,4,1,4,Science,Geography,Economics,Literature,Health Sciences
4,4,1,4,2,5,3,5,3,2,2,3,Science,Maths,Physics,Computer Science,Computing & IT
4,4,5,3,2,4,4,5,4,3,4,2,Science,Chemistry,Physics,History,Engineering
4,4,2,5,5,3,4,3,3,2,3,2,Commercial,Economics,Languages,Maths,Business & Finance
3,3,3,1,4,3,3,2,2,5,1,3,Arts,History,Languages,Physics,Computing & IT
2,5,3,4,4,4,4,2,2,2,2,4,Science,Languages,Economics,Accounting,Business & Finance
3,2,5,1,2,2,4,3,3,4,4,2,Science,Chemistry,Economics,Biology,Law & Political Science
4,3,3,1,2,3,2,2,5,3,4,4,Commercial,Physics,Geography,Economics,Agriculture & Environment
2,2,2,2,4,4,2,3,2,2,4,5,Technical,Technical Drawing,Computer Science,Languages,"Arts, Design & Communication"
3,2,5,3,1,3,2,2,3,5,4,3,Science,Maths,Physics,Chemistry,Business & Finance
4,3,4,1,4,3,3,3,3,5,2,5,Arts,Technical Drawing,History,Geography,Education
3,5,1,1,3,3,4,3,2,3,5,2,Commercial,Chemistry,Computer Science,Technical Drawing,Engineering
2,3,1,2,2,2,3,1,2,4,2,5,Commercial,Geography,Languages,History,Law & Political Science
3,4,3,3,3,3,3,3,3,4,2,2,Science,Technical Drawing,Languages,Maths,Computing & IT
1,3,3,3,4,5,1,3,2,2,1,4,Arts,Geography,Literature,History,Education
2,3,3,3,4,5,5,3,4,1,3,2,Arts,History,Technical Drawing,Computer Science,"Arts, Design & Communication"
4,3,4,1,3,3,2,2,3,4,1,4,Commercial,Literature,History,Maths,Education
2,4,5,2,1,2,4,3,2,3,4,3,Science,Maths,Chemistry,Biology,Health Sciences
4,5,3,2,2,4,2,4,1,2,1,2,Science,Technical Drawing,Physics,Computer Science,Computing & IT
2,2,4,3,2,4,3,2,3,4,4,5,Science,Physics,Maths,Chemistry,Health Sciences
4,5,3,1,1,3,1,3,3,2,3,3,Science,Physics,Chemistry,Technical Drawing,Engineering
3,4,3,1,4,4,3,5,2,4,2,4,Science,Economics,Literature,Geography,Education
4,2,4,3,5,2,5,2,2,3,4,3,Arts,Literature,Languages,Economics,Law & Political Science
1,1,4,1,3,4,5,3,3,3,1,5,Arts,Languages,Literature,Computer Science,Agriculture & Environment
2,2,1,3,5,3,2,2,3,3,2,4,Commercial,Maths,Accounting,Geography,Business & Finance
2,4,4,5,4,1,2,4,2,2,4,2,Commercial,History,Languages,Accounting,Business & Finance
3,4,5,1,4,3,2,3,1,4,3,3,Science,Biology,Chemistry,Physics,Health Sciences
3,2,3,4,4,1,2,3,3,2,2,4,Commercial,Accounting,Geography,Maths,Business & Finance
2,4,2,4,4,5,4,4,3,3,2,4,Science,Computer Science,Languages,Literature,"Arts, Design & Communication"
